city,area,name,address,rating,total_ratings,maps_link,category
Dhanbad,Dharmaraj Rd,"D.A.V. Public School Koyla Nagar, DHANBAD","Dharmaraj Rd, Koyla Nagar Colony, Kusum Vihar, Koyla Nagar, Dhanbad, Saraidhella, Jharkhand 826007, India",,,https://www.google.com/maps/place/?q=place_id:ChIJ-4gR62S89jkRpcy79UKbY3o,schools
Dhanbad,RF73+HXP,D.A.V. High School,"RF73+HXP, Lohar Kulli, Dhanbad, Jharkhand 826007, India",,,https://www.google.com/maps/place/?q=place_id:ChIJB079boG89jkRAGVa3-SvIwY,schools
Dhanbad,VC3F+RPP,DAV public school,"VC3F+RPP, Barwadda By Pass Rd, Satyam Nagar, Dhanbad, Barajamua, Jharkhand 826004, India",,,https://www.google.com/maps/place/?q=place_id:ChIJ99BQUSW79jkR5aPcoE304Co,schools
Dhanbad,near DPS School,Delhi Public School,"near DPS School, Lohar Kulli, Dhanbad, Jharkhand 826007, India",,,https://www.google.com/maps/place/?q=place_id:ChIJgzItFMi99jkRqFba3fUvcSE,schools
Dhanbad,Sabalpur Rd,"DPS JUNIOR - DELHI PUBLIC SCHOOL JUNIOR, DHANBAD","Sabalpur Rd, Bank Colony, Bhuiphore, Dhanbad, Kalakusuma, Jharkhand 826008, India",4.5,21,https://www.google.com/maps/place/?q=place_id:ChIJGefmxWW79jkRd6WBBJoZF2E,schools
Dhanbad,New Karmik Nagar near Delhi Public School Sarai dhela,D.P.S ENTERPRISES,"New Karmik Nagar near Delhi Public School Sarai dhela, Lohar Kulli, Dhanbad, Jharkhand 826007, India",5,135,https://www.google.com/maps/place/?q=place_id:ChIJHaleE7m99jkRgYzq6QtaJsI,schools
Dhanbad,RFCQ+GW4,Dhanbad Public School,"RFCQ+GW4, Tundi - Govindpur - Dhanbad Rd, Ashok Nagar Sector-2, Dhanbad, Gosaidi, Jharkhand 826008, India",,,https://www.google.com/maps/place/?q=place_id:ChIJr8ZVdve79jkRJPW-eV8NS_Y,schools
Dhanbad,QFV3+8CM,D.P.S School,"QFV3+8CM, near law college, Balaji Nagar, Binod Nagar, Dhanbad, Jharkhand 826004, India",,,https://www.google.com/maps/place/?q=place_id:ChIJ64AzFAC99jkREyCI7N8CYm8,schools
Dhanbad,QFQ4+M4F,Kendriya Vidyalaya No.1,"QFQ4+M4F, Binod Nagar, Dhanbad, Jharkhand 826004, India",,,https://www.google.com/maps/place/?q=place_id:ChIJgRKvwvO89jkRlGU-eM-o0qY,schools
Dhanbad,Behind police station. Post : Jagjiwan Nagar,Kendriya Vidyalaya No.2,"Behind police station. Post : Jagjiwan Nagar, Dist : Dhanbad , State :, RF62+992, CMPF Colony, Dhanbad, Jharkhand 826007, India",,,https://www.google.com/maps/place/?q=place_id:ChIJFTu4kYS89jkRMI3N12bjw18,schools
Dhanbad,RC5V+3PF,KV no.1 dhanbad,"RC5V+3PF, CMPF Colony, Dhanbad, Jharkhand 826007, India",3.5,4,https://www.google.com/maps/place/?q=place_id:ChIJoxLSd6y99jkRjLkR0tXRkyI,schools
Bokaro Steel City,Sector 4,D.A.V. Public School Sec 4 Bokaro,"Sector 4, Bokaro Steel City, Jharkhand 827004, India",,,https://www.google.com/maps/place/?q=place_id:ChIJNfJ-hksi9DkR8_mfUWgBnXQ,schools
Bokaro Steel City,M5GC+R9G,D.A.V. PUBLIC SCHOOL SECTOR 6/C,"M5GC+R9G, Sector 6A, Sector-6/C, Bokaro Steel City, Jharkhand 827006, India",,,https://www.google.com/maps/place/?q=place_id:ChIJZZ3AISki9DkRNJyJLoy4RBE,schools
Bokaro Steel City,M6H6+5FJ,D A V International School,"M6H6+5FJ, Kalapathar, Jharkhand 827013, India",,,https://www.google.com/maps/place/?q=place_id:ChIJe-SgI3sh9DkRZqwUrVCf8Is,schools
Bokaro Steel City,M5P8+755,DAV ISPAT PUBLIC SCHOOL 8/B,"M5P8+755, Khatal, Bokaro Steel City, Jharkhand 827009, India",,,https://www.google.com/maps/place/?q=place_id:ChIJuYk3EgAj9DkRs6ryM96pyyA,schools
Bokaro Steel City,Sector 2,DAV ispat vidhyalay sec-2/c B.S city (jharkhand),"Sector 2, Bokaro Steel City, Jharkhand 827001, India",,,https://www.google.com/maps/place/?q=place_id:ChIJe9ytmLsj9DkRzn6_w5DN59Y,schools
Bokaro Steel City,1178,"DELHI PUBLIC SCHOOL, BOKARO STEEL CITY","1178, Sector 4C, Sector 4, Bokaro Steel City, Jharkhand 827004, India",,,https://www.google.com/maps/place/?q=place_id:ChIJXWUfCsAi9DkRv44Oiu4Hcdo,schools
Bokaro Steel City,1021,"Delhi Public School Chas, Bokaro","1021, Raghunathpur - Chas Main Rd, Chas, Khamarbendi, Jharkhand 827013, India",,,https://www.google.com/maps/place/?q=place_id:ChIJhZdrtzAn9DkRPrAoo9yyAgs,schools
Bokaro Steel City,M59C+GQQ,Delhi Public School (Primary),"M59C+GQQ, Sector 5, Bokaro Steel City, Jharkhand 827006, India",,,https://www.google.com/maps/place/?q=place_id:ChIJMUr5b7Uj9DkRU4fQN4jldHY,schools
Bokaro Steel City,M593+68J,Kendriya Vidyalaya No.1 Bokaro,"M593+68J, Sector 4, Bokaro Steel City, Jharkhand 827004, India",,,https://www.google.com/maps/place/?q=place_id:ChIJlb_Ji8oj9DkR0soHqCsS-mU,schools
Bokaro Steel City,Station Rd,PM SHRI Kendriya Vidyalaya No.3 Bokaro,"Station Rd, Railway Colony, Bokaro Steel City, Jharkhand 827010, India",,,https://www.google.com/maps/place/?q=place_id:ChIJ998FK8889DkRK7LIWfkrwn0,schools
Deoghar,Bhandar Kola,GD DAV (Sr.) PUBLIC SCHOOL,"Bhandar Kola, Satar, FM2V+2PV, Road, Deoghar, Bhandar Kola, Jharkhand 814114, India",,,https://www.google.com/maps/place/?q=place_id:ChIJyT9fpK898TkRq4UFz20jyyM,schools
Deoghar,Jatindra Nath Rd,Geeta Devi DAV Public School(Jr. Wing),"Jatindra Nath Rd, Castairs Town, Bompas Town, Deoghar, Jharkhand 814112, India",,,https://www.google.com/maps/place/?q=place_id:ChIJmXpna4c98TkR0GXPHjxZ3JQ,schools
Deoghar,Village - Dumatanr,Delhi Public School Deoghar,"Village - Dumatanr , Near Lakra Mouja, Plot no 06, Dumatanr, Jharkhand 814113, India",,,https://www.google.com/maps/place/?q=place_id:ChIJud7heS8X8TkRBfJCzzQQb3E,schools
Deoghar,GP4H+3P2,DELHI PUBLIC SCHOOL Deoghar,"GP4H+3P2, Amgariya, near Delhi public school, Amgariya, Deoghar, Jharkhand 814157, India",,,https://www.google.com/maps/place/?q=place_id:ChIJTfVXw7gX8TkRHoVRrJCMG10,schools
Deoghar,GM5W+678,Dps international school,"GM5W+678, Katoria, Deoghar, Jharkhand 814112, India",,,https://www.google.com/maps/place/?q=place_id:ChIJHYrEcwAX8TkRA5LDIXYDAxc,schools
Deoghar,Vill- Rajabhita,KENDRIYA VIDYALAYA MADHUPUR,"Vill- Rajabhita, 7JH8+545, Madhupur, Rajabihta, Jharkhand 815353, India",,,https://www.google.com/maps/place/?q=place_id:ChIJhRgbcDI38TkRV4NFIYvYDP4,schools
Deoghar,FMRH+645 Infront of TV & FM Relay Centre,Deoghar Central School,"FMRH+645 Infront of TV & FM Relay Centre, Satsang Nagar, Hirna, Deoghar, Jharkhand 814142, India",,,https://www.google.com/maps/place/?q=place_id:ChIJfVKHWR4W8TkR14MlaWM__wE,schools
Giridih,58M6+273,DAV PUBLIC SCHOOL GIRIDIH,"58M6+273, Station Rd, Laxmi Mohalla, Giridih, Jharkhand 815301, India",,,https://www.google.com/maps/place/?q=place_id:ChIJo2IsHB5V8TkRJa2KRBrnQ48,schools
Giridih,6866+2R6,BNS DAV Public School,"6866+2R6, Bulaki Rd, Sirsia, Giridih, Jharkhand 815302, India",,,https://www.google.com/maps/place/?q=place_id:ChIJBfoTLJFW8TkRqA8zvaFt2H8,schools
Giridih,Beniadih,DAV Public School CCL,"Beniadih,, 57FP+CXX, Giridih, NH 114A, Jogitanr, Giridih, Jharkhand 815311, India",,,https://www.google.com/maps/place/?q=place_id:ChIJ7-VWgMhV8TkR-F9itzP5Ezo,schools
Giridih,57FP+CXX,DAV CCL GIRIDIH OFFICE,"57FP+CXX, NH 114A, Jogitanr, Giridih, Jharkhand 815311, India",4,46,https://www.google.com/maps/place/?q=place_id:ChIJHV65PelV8TkRHiL3Nx-zKeQ,schools
Giridih,57JP+VQ4,B.N.S D.A.V Public School,"57JP+VQ4, Mohulichuan, Giridih, Jarbad, Jharkhand 815301, India",,,https://www.google.com/maps/place/?q=place_id:ChIJAQAAANBV8TkRPzp-bqE3FLo,schools
Giridih,Harsingh Raidih,Delhi Public School,"Harsingh Raidih, state Highway, Tundi Rd, Harsingh Raidih, Jharkhand 815302, India",,,https://www.google.com/maps/place/?q=place_id:ChIJH5KluyNU8TkRbmxydlzq-as,schools
Giridih,H3R8+64,"Delhi Public School ,Tisri (Giridih)","H3R8+64, Jamuniatanr, Jharkhand 815317, India",,,https://www.google.com/maps/place/?q=place_id:ChIJE2-vZ8zF8zkRsRk17V7XCGo,schools
Giridih,587G+Q6P,DPS SCHOOL GAWAN,"587G+Q6P, Giridih, Jharkhand 815302, India",,,https://www.google.com/maps/place/?q=place_id:ChIJ7aZ4Wa9V8TkR3pyXUUlGP9k,schools
Giridih,7775+8C,"KENDRIYA VIDYALAYA, GIRIDIH","7775+8C, Sugasar, Jharkhand 815302, India",,,https://www.google.com/maps/place/?q=place_id:ChIJu58aUQBX8TkR-FmzFdOj_-0,schools
Ramgarh,JGGM+HX2,D.A.V. Public School Ramgarh.,"JGGM+HX2, near bazar samati, Ramgarh Cantonment, Jharkhand 829122, India",,,https://www.google.com/maps/place/?q=place_id:ChIJHyAyDNj19DkR_m9ndX0-86Y,schools
Ramgarh,ward no 5,Agrasen DAV Public School,"ward no 5, NH 33, ramgarh city road, MGQ6+MHV, Ramgarh, Pathway School, Sandi, Bharechnagar, Jharkhand 829117, India",,,https://www.google.com/maps/place/?q=place_id:ChIJbWty9VDz9DkRMNru_0jrSns,schools
Ramgarh,Balmiki nagar,DELHI PUBLIC SCHOOL PATRATU,"Balmiki nagar, Sankul Patratu Rd, Patratu, Jharkhand 829118, India",,,https://www.google.com/maps/place/?q=place_id:ChIJKW-1xYXr9DkRLrjwT8iUAUs,schools
Ramgarh,Ramgarh,International Delhi Public School Ramgarh,"Ramgarh, 181141",,,https://www.google.com/maps/place/?q=place_id:ChIJSfp2op6hHjkRz3FNYpWDWVM,schools
Ramgarh,Visthapit Nagar Hesla,DPS Junior International School,"Visthapit Nagar Hesla, J78J+8FX, 2, Patratu, Jharkhand 829119, India",,,https://www.google.com/maps/place/?q=place_id:ChIJxSsX10rr9DkRO_yReIDGw2k,schools
Ramgarh,88M2+54H,Delhi Public School,"88M2+54H, Bypass Rd, Near Vivekanand Auditorium, SAIL Twp, Dhurwa, Ranchi, Jharkhand 834004, India",,,https://www.google.com/maps/place/?q=place_id:ChIJ4x9vLKDg9DkRhq3Z0iE73as,schools
Ramgarh,Shankarpur,Delhi Public School Hazaribag,"Shankarpur, Ward No 34, Barkagaon Road, Jaiprabha Nagar, Hazaribagh, Sirsi no. I, Jharkhand 825302, India",,,https://www.google.com/maps/place/?q=place_id:ChIJ84JGZD2b9DkRu-iBcsxhyn0,schools
Ramgarh,JFJW+MJH,PM Shri Kendriya Vidyalaya Ramgarh Cantt,"JFJW+MJH, Military Camp Rd, Ramgarh Cantonment, Jharkhand 829131, India",4.1,80,https://www.google.com/maps/place/?q=place_id:ChIJT8tC5ZLz9DkR3A5rvCcVhf8,schools
Daltonganj,23RR+R79,Mk dav public school,"23RR+R79, Baralota, Medininagar, Jharkhand 822102, India",,,https://www.google.com/maps/place/?q=place_id:ChIJd2X7nZF3jDkRsGH4MuS2sbg,schools
Daltonganj,2494+3MV,M K DAV Public School,"2494+3MV, NH 75, Chianki, Jharkhand 822102, India",,,https://www.google.com/maps/place/?q=place_id:ChIJvcHroOSHizkRWVHbg-L2tio,schools
Daltonganj,Old Redma chowk,"Delhi Public School, City office, Daltonganj","Old Redma chowk, Ranchi road, South Redma, Medininagar, Jharkhand 822101, India",,,https://www.google.com/maps/place/?q=place_id:ChIJE0Dudvh3jDkRRjVcWDh0Gks,schools
Daltonganj,2372+GHV,Kendriya Vidyalaya (Chainpur) Palamu,"2372+GHV, Chainpur, Jharkhand 822110, India",,,https://www.google.com/maps/place/?q=place_id:ChIJf6ggOQuJizkRnloCxTurjXE,schools
Chaibasa,TATA ROAD,Sj dav public school,"TATA ROAD, KHAPPARSAI, Chaibasa, Sikursai, Jharkhand 833204, India",,,https://www.google.com/maps/place/?q=place_id:ChIJl5Qlu5AnHjoRkNlOzKx4Nsw,schools
Chaibasa,GRV5+7X9,Dav,"GRV5+7X9, Chaibasa Rd, Tungri, Chaibasa, Jharkhand 833201, India",3.8,56,https://www.google.com/maps/place/?q=place_id:ChIJSTD6IXUnHjoRg4KQNr7VSpA,schools
Chaibasa,National Highway75,dps inter college,"National Highway75, Jharkhand 833201, India",,,https://www.google.com/maps/place/?q=place_id:ChIJZWRKjwcnHjoRdJHa6spd2iE,schools
Chaibasa,GRH5+262,Dps Public School,"GRH5+262, Gitilpi, Jharkhand 833201, India",,,https://www.google.com/maps/place/?q=place_id:ChIJb38fXKgnHjoREIJx9YWFA2c,schools
Chaibasa,GRH5+262 Dps Public School,DDUKK,"GRH5+262 Dps Public School, Chaibasa, Jharkhand 833201, India",4.5,2,https://www.google.com/maps/place/?q=place_id:ChIJI44RDU4nHjoRobafQPgBaLo,schools
Chaibasa,near Shiv Mandir,Kendriya Vidyalaya,"near Shiv Mandir, Railway East Colony, South Eastern Railway Colony, Chakradharpur, Jharkhand 833102, India",,,https://www.google.com/maps/place/?q=place_id:ChIJo6gcRUqC9TkRbOLDkvypui8,schools
Dumka,77G2+M4H,"DAV public school, pre nursery school","77G2+M4H, Dumka, Jharkhand 814101, India",2,2,https://www.google.com/maps/place/?q=place_id:ChIJHX4F0AS38DkRz8QXckQaZo0,schools
Dumka,7794+RWJ,Delhi Public School(DPS),"7794+RWJ, Dumka, Jharkhand 814101, India",,,https://www.google.com/maps/place/?q=place_id:ChIJmwVWNqm38DkRVz2c_hIOE-s,schools
Dumka,Dhadkia,Kendriya Vidyalaya Dumka,"Dhadkia, Jharkhand 814119, India",,,https://www.google.com/maps/place/?q=place_id:ChIJ01yl-w238DkRhzd9mslPR2Q,schools
Chatra,6V94+R8H,"DAV PUBLIC SCHOOL,","6V94+R8H, GAYA ROAD, Bamne, Chatra, Jharkhand 825401, India",,,https://www.google.com/maps/place/?q=place_id:ChIJhxihAsytjDkR6UGHzwesoJE,schools
Chatra,Near Tapej,Delhi Public School Chatra,"Near Tapej , Turaag, 6W85+8MR, Distt, Tunrag, Jharkhand 825401, India",3.8,35,https://www.google.com/maps/place/?q=place_id:ChIJZ7djYLGtjDkRfCmjVwecXXk,schools
Chatra,6W66+69J,DPS School Chatra,"6W66+69J, Tunrag, Jharkhand 825401, India",,,https://www.google.com/maps/place/?q=place_id:ChIJqf91HcitjDkRKSa-ooumOvA,schools
Chatra,Kendu post jabra,Kendriya Vidyalaya Simaria Chatra,"Kendu post jabra, ps, Simaria Khurd, Banhe, Jharkhand 825103, India",,,https://www.google.com/maps/place/?q=place_id:ChIJZQbafamqjDkROc7DsUYcjZs,schools
Koderma,CG5P+Q4G,PVSS DAV Public School,"CG5P+Q4G, Jhumri Telaiya, Koderma, Jharkhand 825409, India",,,https://www.google.com/maps/place/?q=place_id:ChIJSwCrSr908zkRvlyq81K0rAE,schools
Koderma,Vishram Bagh Rajgarhiya Road,Delhi Public School,"Vishram Bagh Rajgarhiya Road, CGJJ+JCF, Jhumri Telaiya, Jharkhand 825409, India",,,https://www.google.com/maps/place/?q=place_id:ChIJHdbnrTB18zkRNW40KjepvdQ,schools
Koderma,FH9W+2CX,DPS KIDS koderma,"FH9W+2CX, Koderma - Domchanch Rd, Koderma, Jharkhand 825410, India",,,https://www.google.com/maps/place/?q=place_id:ChIJKz0Ev64K8zkRkFoqdHP9UzQ,schools
Koderma,Bypass road,Delhi Public School Koderma,"Bypass road, near Kchatriya Dharamsala, Koderma, Jharkhand 825410, India",,,https://www.google.com/maps/place/?q=place_id:ChIJg0KY5l8L8zkRWPui1JvK_kY,schools
Koderma,CGHH+PMP,Kendriya Vidyalaya Koderma,"CGHH+PMP, Pani tanki road, Jhumri Telaiya, Jharkhand 825409, India",,,https://www.google.com/maps/place/?q=place_id:ChIJr-E1bjB18zkRVS3po6s9Hqg,schools
Gumla,behind Police Line,DAV Public School Gumla,"behind Police Line, Neemtoli, Gumla, Chandali, Jharkhand 835233, India",,,https://www.google.com/maps/place/?q=place_id:ChIJc6L8WufoijkREkF68vdoirg,schools
Gumla,DSP Rd,Junior DPS,"DSP Rd, Gumla, Jharkhand 835207, India",5,28,https://www.google.com/maps/place/?q=place_id:ChIJMSj3NC3pijkR_-4Cwj7bXE4,schools
Gumla,2GMQ+XFP,Star DPS School Gumla,"2GMQ+XFP, Gokul Nagar, Gumla, Jharkhand 835207, India",,,https://www.google.com/maps/place/?q=place_id:ChIJ7dsd97DpijkRCAh690p96eM,schools
Gumla,Training School Campus,Kendriya Vidyalaya Gumla,"Training School Campus, Karam Toli Road, Gumla, Jharkhand 835207, India",4.3,117,https://www.google.com/maps/place/?q=place_id:ChIJCflpDDDpijkRFtFw0491UBQ,schools
Sahibganj,Urjanagar,DAV Public School,"Urjanagar, Mahagama, Jharkhand 814154, India",,,https://www.google.com/maps/place/?q=place_id:ChIJ8SXf2Mpl8DkRkyt6Vi0069E,schools
Sahibganj,Gokulpur,"D.A.V. Public School, Pakur","Gokulpur, Pakur, Jharkhand 816107, India",,,https://www.google.com/maps/place/?q=place_id:ChIJUT1QBK5p-jkRXh0tMjoSc2I,schools
Sahibganj,Nawal Kishore Chowk,D.A.V THE HOLY SCHOOL,"Nawal Kishore Chowk, Salempur Road, Sahebganj(Muz, 7WXC+XJ4, Salempur, Bihar 843125, India",,,https://www.google.com/maps/place/?q=place_id:ChIJie6vLDPVkjkRLJ3q8BeH5hM,schools
Sahibganj,Distt,DAV PUBLIC SCHOOL,"Distt, near Dwijdeni ground, Professor Colony, Forbesganj, Bihar 854318, India",4.2,21,https://www.google.com/maps/place/?q=place_id:ChIJW057JS-Z7zkRB9VV-ChmtUw,schools
Sahibganj,AT- HABIBPUR,Kendriya Vidyalaya Sahibganj,"AT- HABIBPUR, P.O, 6JWQ+4C5, Sahibganj, Jharkhand 816109, India",,,https://www.google.com/maps/place/?q=place_id:ChIJ9-5qiZWY-jkRXlAeaH2coKk,schools
Sahibganj,Purani Sahibganj Rd,Dps sakrigali sahibganj,"Purani Sahibganj Rd, Naya Tola, Sahibganj, Jharkhand 816109, India",,,https://www.google.com/maps/place/?q=place_id:ChIJIbdH072Z-jkR_KSgbpmbm04,schools
Jamtara,XRG3+WWC,"D.A.V. Public School, Jamtara","XRG3+WWC, Govindapur, Jamtara, Jharkhand 815351, India",,,https://www.google.com/maps/place/?q=place_id:ChIJYXlKASPR9jkRPoDfsNvnUBs,schools
Jamtara,Village - Dumatanr,Delhi Public School Deoghar,"Village - Dumatanr , Near Lakra Mouja, Plot no 06, Dumatanr, Jharkhand 814113, India",,,https://www.google.com/maps/place/?q=place_id:ChIJud7heS8X8TkRBfJCzzQQb3E,schools
Jamtara,Near Tapej,Delhi Public School Chatra,"Near Tapej , Turaag, 6W85+8MR, Distt, Tunrag, Jharkhand 825401, India",3.8,35,https://www.google.com/maps/place/?q=place_id:ChIJZ7djYLGtjDkRfCmjVwecXXk,schools
Jamtara,XQ8W+FH4,Jamtara Public School,"XQ8W+FH4, Court Rd, Rajpalli Jamtara, Jamtara, Jharkhand 815351, India",,,https://www.google.com/maps/place/?q=place_id:ChIJ2f91vuPQ9jkR6O1q_6CNsUI,schools
Jamtara,Kali Mandir,D N Academy,"Kali Mandir, XR96+PHR, Paredih, Jamtara, Jharkhand 815351, India",,,https://www.google.com/maps/place/?q=place_id:ChIJxdXi5SfR9jkRbsRS24mLrnc,schools
Jamtara,GP4H+3P2,DELHI PUBLIC SCHOOL Deoghar,"GP4H+3P2, Amgariya, near Delhi public school, Amgariya, Deoghar, Jharkhand 814157, India",,,https://www.google.com/maps/place/?q=place_id:ChIJTfVXw7gX8TkRHoVRrJCMG10,schools
Jamtara,1021,"Delhi Public School Chas, Bokaro","1021, Raghunathpur - Chas Main Rd, Chas, Khamarbendi, Jharkhand 827013, India",,,https://www.google.com/maps/place/?q=place_id:ChIJhZdrtzAn9DkRPrAoo9yyAgs,schools
Jamtara,XR62+8PV,J B C +2 High School Jamtara,"XR62+8PV, Govindapur, Jamtara, Jharkhand 815351, India",,,https://www.google.com/maps/place/?q=place_id:ChIJGeT88gTR9jkRahY_77KG6gA,schools
Jamtara,XQ7X+JWC,"Girls High School, Jamtara","XQ7X+JWC, Govindapur, Jamtara, Jharkhand 815351, India",,,https://www.google.com/maps/place/?q=place_id:ChIJnU4QNODR9jkRWOEgzdKi4o0,schools
Jamtara,88M2+54H,Delhi Public School,"88M2+54H, Bypass Rd, Near Vivekanand Auditorium, SAIL Twp, Dhurwa, Ranchi, Jharkhand 834004, India",,,https://www.google.com/maps/place/?q=place_id:ChIJ4x9vLKDg9DkRhq3Z0iE73as,schools
Jamtara,XR65+58M,Oxford Public school,"XR65+58M, Azad Para, Patharchapra, Jamtara, Jharkhand 815351, India",,,https://www.google.com/maps/place/?q=place_id:ChIJp8ATvtvQ9jkRBkHvBxI3Hbc,schools
Jamtara,XR83+9M8,St. Anthony School,"XR83+9M8, Kayesthapara, Jamtara, Jharkhand 815351, India",,,https://www.google.com/maps/place/?q=place_id:ChIJmysGpt_Q9jkRqrSw-gvzrGI,schools
Jamtara,Kanya Uch Vidyalay,Kendriya Vidyalaya Jamtara,"Kanya Uch Vidyalay, Road, NewTown, Jamtara, Hansipahari, Jharkhand 815351, India",,,https://www.google.com/maps/place/?q=place_id:ChIJiRVC_eDQ9jkRY2YF3yugMxk,schools
Chakradharpur,TATA ROAD,Sj dav public school,"TATA ROAD, KHAPPARSAI, Chaibasa, Sikursai, Jharkhand 833204, India",,,https://www.google.com/maps/place/?q=place_id:ChIJl5Qlu5AnHjoRkNlOzKx4Nsw,schools
Chakradharpur,ACC Colony,"DAV Public School,ACC Jhinkpani","ACC Colony, Jhinkpani, Jorapokhar, Jharkhand 833215, India",,,https://www.google.com/maps/place/?q=place_id:ChIJZXHvNJ4vHjoREbG4nN1pNxk,schools
Chakradharpur,HMMC+V4G,"DAV Public School, Rajrappa Project","HMMC+V4G, Rajrappa Project, CCL, Sandi, Jharkhand 829150, India",,,https://www.google.com/maps/place/?q=place_id:ChIJhw5-EkJZ9DkRhHR8F33WXfQ,schools
Chakradharpur,MJ9H+87H,DELHI PUBLIC SCHOOL CHAKRADHARPUR,"MJ9H+87H, Ward No. 16, Chakradharpur, Jharkhand 833102, India",,,https://www.google.com/maps/place/?q=place_id:ChIJAxWlVzuC9TkRbkv6xZav5F0,schools
Chakradharpur,Beniadih,DAV Public School CCL,"Beniadih,, 57FP+CXX, Giridih, NH 114A, Jogitanr, Giridih, Jharkhand 815311, India",,,https://www.google.com/maps/place/?q=place_id:ChIJ7-VWgMhV8TkR-F9itzP5Ezo,schools
Chakradharpur,Sur,"D.A.V Public School, Bachra","Sur, Vihar Colony, Bachra, Jharkhand 829201, India",,,https://www.google.com/maps/place/?q=place_id:ChIJj4RY6NS39DkR-QMpWaBVfII,schools
Chakradharpur,National Highway 75 Asantalia,Madhusudhan Public School,"National Highway 75 Asantalia, W, Chakradharpur, Jharkhand 833102, India",,,https://www.google.com/maps/place/?q=place_id:ChIJE6iG84J49TkRkv1R8KCPka8,schools
Chakradharpur,near Shiv Mandir,Kendriya Vidyalaya,"near Shiv Mandir, Railway East Colony, South Eastern Railway Colony, Chakradharpur, Jharkhand 833102, India",,,https://www.google.com/maps/place/?q=place_id:ChIJo6gcRUqC9TkRbOLDkvypui8,schools
Chakradharpur,Main Building,DAV Public School,"Main Building, Itki Rd, Hehal, Ranchi, Jharkhand 834005, India",,,https://www.google.com/maps/place/?q=place_id:ChIJTbzBrDfe9DkRlB0eLkPsb3U,schools
Chakradharpur,MJFV+W9H,"St. Xavier's English School, Chakradharpur","MJFV+W9H, Potka main raod, Ward No. 19, Chakradharpur, Jharkhand 833102, India",,,https://www.google.com/maps/place/?q=place_id:ChIJPyI1TcuD9TkR2Tty6IbtCrI,schools
Chakradharpur,MJ9H+F72 Delhi Public School,SP Group,"MJ9H+F72 Delhi Public School, Chiranji Block, Ward No. 16, Chakradharpur, Jharkhand 833102, India",,,https://www.google.com/maps/place/?q=place_id:ChIJ85pmWDuC9TkR45DZ6glHE9s,schools
Saraikela,Anjani nagar,B.M. DAV Public School,"Anjani nagar, Pathanmara, Jharkhand 833219, India",,,https://www.google.com/maps/place/?q=place_id:ChIJvXtwXxHz9TkRnpoKRuzaANY,schools
Saraikela,Q5G3+HX5,DAV Public School,"Q5G3+HX5, NIT Campus, Banta Nagar, Adityapur, Jamshedpur, Jharkhand 831014, India",,,https://www.google.com/maps/place/?q=place_id:ChIJycIf_7fk9TkR3Nl6jmYFonw,schools
Saraikela,Khunti Road,DAV SARLA SCHOOL,"Khunti Road, Tupudana Chowk, Po, opposite Ram Sakhi Tower, Hatia, Ranchi, Jharkhand 834003, India",4.5,25,https://www.google.com/maps/place/?q=place_id:ChIJwVoBC3of9TkRBOrzFZw3V-Q,schools
Saraikela,Q5XG+4VV,"D.A.V. PUBLIC SCHOOL,JSR","Q5XG+4VV, Rd Number 4, Contractors Area, Bistupur, Jamshedpur, Jharkhand 831001, India",,,https://www.google.com/maps/place/?q=place_id:ChIJAQAAAGHj9TkReCBOgITk_Zw,schools
Saraikela,TATA ROAD,Sj dav public school,"TATA ROAD, KHAPPARSAI, Chaibasa, Sikursai, Jharkhand 833204, India",,,https://www.google.com/maps/place/?q=place_id:ChIJl5Qlu5AnHjoRkNlOzKx4Nsw,schools
Saraikela,GRV5+7X9,Dav,"GRV5+7X9, Chaibasa Rd, Tungri, Chaibasa, Jharkhand 833201, India",3.8,56,https://www.google.com/maps/place/?q=place_id:ChIJSTD6IXUnHjoRg4KQNr7VSpA,schools
Saraikela,37GP+M2C,D A V School,"37GP+M2C, DAV Rd, Mishra Colony, Khunti, Jharkhand 835210, India",,,https://www.google.com/maps/place/?q=place_id:ChIJoT8YU8wX9TkRujMYWkiVE1Y,schools
Saraikela,R5CC+C4H,DAV Girls High School,"R5CC+C4H, Balichela Rd, near Water Tank, Kagal Nagar, Sonari, Jamshedpur, Jharkhand 831011, India",,,https://www.google.com/maps/place/?q=place_id:ChIJM4i3CXnk9TkRrllIQFHgKMU,schools
Saraikela,More,"B.P.DAV Public School, Garhwa","More, Pharatiya, Jharkhand 822124, India",,,https://www.google.com/maps/place/?q=place_id:ChIJWTyIB-ANjDkR1AN6un3O6eY,schools
Saraikela,ACC Colony,"DAV Public School,ACC Jhinkpani","ACC Colony, Jhinkpani, Jorapokhar, Jharkhand 833215, India",,,https://www.google.com/maps/place/?q=place_id:ChIJZXHvNJ4vHjoREbG4nN1pNxk,schools
Saraikela,DAV Public School,DAV Public School Patelnagar,"DAV Public School, Patel Nager, Agrico Area, Jamshedpur, Jharkhand 831001, India",,,https://www.google.com/maps/place/?q=place_id:ChIJ1RgSPmHj9TkRmdUfw-9EvZY,schools
Saraikela,Jail Rd,DK English Medium School,"Jail Rd, Saraikela, Jharkhand 833219, India",4.8,11,https://www.google.com/maps/place/?q=place_id:ChIJH7H6ivKN9TkRTUokL9ED2Kw,schools
Saraikela,behind SDO court,"ST.FRANCIS DE SALES SCHOOL, SERAIKELA, JAMSHEDPUR","behind SDO court, Saraikela, Jharkhand 833219, India",,,https://www.google.com/maps/place/?q=place_id:ChIJcfMz5Cvz9TkRHlcdYblncuc,schools
Saraikela,9JM2+VPQ,DAV CENTENARY PUBLIC SCHOOL,"9JM2+VPQ, TOWNSHIP, Bhawanathpur, Sinduria, Jharkhand 822112, India",,,https://www.google.com/maps/place/?q=place_id:ChIJ____P_SfjjkRiaBX39vLE0A,schools
Saraikela,9JM2+VHX,DAV CENT. PUBLIC SCHOOL,"9JM2+VHX, Sinduria, Jharkhand 822112, India",,,https://www.google.com/maps/place/?q=place_id:ChIJ5cBdkfkfjDkRqWWpiRDsUYk,schools
Saraikela,5J7F+2M4,DAV SCHOOL,"5J7F+2M4, Neuri, Jharkhand 835204, India",,,https://www.google.com/maps/place/?q=place_id:ChIJr-Yxdjep9TkRW9hVQsVDojA,schools
Saraikela,Poradih,Kendriya Vidyalaya Seraikella Kharsawan,"Poradih, Saraikela, Jharkhand 833219, India",,,https://www.google.com/maps/place/?q=place_id:ChIJh2dIVFXz9TkRuRiOUntJnrY,schools
Saraikela,PW2P+JHQ,Bal Vikas Shiksha Niketan,"PW2P+JHQ, Saraikela, Jharkhand 833219, India",3.8,30,https://www.google.com/maps/place/?q=place_id:ChIJJd7Hbi7z9TkRoM-qfECsePg,schools
Saraikela,5PP6+385,DAV BUNDU,"5PP6+385, Sonahatu Rd, Sarmali, Jharkhand 835204, India",,,https://www.google.com/maps/place/?q=place_id:ChIJWaEhzyav9TkRlijSUO5_KCc,schools
Saraikela,Ward No. 7,KVPSDSS GIRLS HIGH SCHOOL SERAIKELLA,"Ward No. 7, Seraikella, Saraikela, Jharkhand 833219, India",,,https://www.google.com/maps/place/?q=place_id:ChIJtaOZMi3z9TkRLJ08T3Dm6MM,schools
Saraikela,PW4H+26X,R P Singh Deo Public School Seraikella,"PW4H+26X, Saraikela, Kharsawan, Jharkhand 833219, India",,,https://www.google.com/maps/place/?q=place_id:ChIJr9G1MACN9TkR0s2lX-Uuamw,schools
Saraikela,PW6W+533,"N R DISTRICT CM SCHOOL OF EXCELLENCE, SERAIKELLA","PW6W+533, Jharkhand State Highway 5, Saraikela, Jharkhand 833219, India",5,1,https://www.google.com/maps/place/?q=place_id:ChIJ0-hhbQDz9TkRf9Q69An5P5Q,schools
Saraikela,anjani nagar,"Esteem Public School, Seraikela, Jamshedpur","anjani nagar, Saraikela, Jharkhand 833219, India",,,https://www.google.com/maps/place/?q=place_id:ChIJefsoZfXz9TkR8jcLe0ea_9A,schools
Chirkunda,Sunny Hotel,Dav public school nirsha,"Sunny Hotel, Egarkunr, Jharkhand 828203, India",,,https://www.google.com/maps/place/?q=place_id:ChIJU6ct7tnd9jkRyShp8ok5oiw,schools
Chirkunda,near DPS School,Delhi Public School,"near DPS School, Lohar Kulli, Dhanbad, Jharkhand 826007, India",,,https://www.google.com/maps/place/?q=place_id:ChIJgzItFMi99jkRqFba3fUvcSE,schools
Chirkunda,Sabalpur Rd,"DPS JUNIOR - DELHI PUBLIC SCHOOL JUNIOR, DHANBAD","Sabalpur Rd, Bank Colony, Bhuiphore, Dhanbad, Kalakusuma, Jharkhand 826008, India",4.5,21,https://www.google.com/maps/place/?q=place_id:ChIJGefmxWW79jkRd6WBBJoZF2E,schools
Chirkunda,PQVW+972,Smt Ginia Devi Modern ketan School,"PQVW+972, NH 2, Chirkunda, Jharkhand 828202, India",,,https://www.google.com/maps/place/?q=place_id:ChIJmSIEwZHd9jkRqzwJycxQmiY,schools
Chirkunda,QQFW+XJH,"De Nobili School, Maithon","QQFW+XJH, Amtalla, Maithon, Jharkhand 828207, India",,,https://www.google.com/maps/place/?q=place_id:ChIJd5xXyjzd9jkRnUDO7lkNRHs,schools
Chirkunda,PO,"Kendriya Vidyalaya, Maithon","PO, Maithon Dam, Kalipahari, Maithon, Jharkhand 828207, India",,,https://www.google.com/maps/place/?q=place_id:ChIJ8Q6QlDTc9jkRtlhVLB0z2tw,schools
Barhi,Grand Trunk Rd,D.A.V PUBLIC SCHOOL BARHI,"Grand Trunk Rd, near Sdo Office, Barhi, Konra, Jharkhand 825405, India",,,https://www.google.com/maps/place/?q=place_id:ChIJPZ0N2SJw8zkRi12TEYcImNE,schools
Barhi,8C37+HP5,Delhi Public School Barhi,"8C37+HP5, Barhi, Jharkhand 825405, India",4.5,10,https://www.google.com/maps/place/?q=place_id:ChIJsSyPFLhv8zkRs5IjbeVCIDI,schools
Barhi,2FG5+WQ8 Bsf,Kendriya Vidyalaya BSF Hazaribagh,"2FG5+WQ8 Bsf, Camp, Meru, Hazaribagh, Jharkhand 825317, India",,,https://www.google.com/maps/place/?q=place_id:ChIJTdWTGiVW5kcR6f-cybO3Ogs,schools
Madhupur,Bhandar Kola,GD DAV (Sr.) PUBLIC SCHOOL,"Bhandar Kola, Satar, FM2V+2PV, Road, Deoghar, Bhandar Kola, Jharkhand 814114, India",,,https://www.google.com/maps/place/?q=place_id:ChIJyT9fpK898TkRq4UFz20jyyM,schools
Madhupur,4V9F+26H,"D.A.V. Public School, Chitra","4V9F+26H, Bhawanipur, Chitra, Jharkhand 814146, India",,,https://www.google.com/maps/place/?q=place_id:ChIJuQMY5M0q8TkRqsquPFuWUrw,schools
Madhupur,Jatindra Nath Rd,Geeta Devi DAV Public School(Jr. Wing),"Jatindra Nath Rd, Castairs Town, Bompas Town, Deoghar, Jharkhand 814112, India",,,https://www.google.com/maps/place/?q=place_id:ChIJmXpna4c98TkR0GXPHjxZ3JQ,schools
Madhupur,Mundro,DAV MOTI PUBLIC SCHOOL MUNDRO,"Mundro, 4QV6+9G4, Bagodar, Mundro, Jharkhand 825320, India",,,https://www.google.com/maps/place/?q=place_id:ChIJk82MSi-G8zkRY0rSe_ZGdew,schools
Madhupur,FQH3+634,D.A.V PUBLIC SCHOOL MAHESHPUR,"FQH3+634, Anapur, Jharkhand 816106, India",,,https://www.google.com/maps/place/?q=place_id:ChIJk9dOChQT-jkR_4_r28cEOt0,schools
Madhupur,6866+2R6,BNS DAV Public School,"6866+2R6, Bulaki Rd, Sirsia, Giridih, Jharkhand 815302, India",,,https://www.google.com/maps/place/?q=place_id:ChIJBfoTLJFW8TkRqA8zvaFt2H8,schools
Madhupur,Q723+4G4,"D.A.V Public School, Mahuda","Q723+4G4, Mahuda, Machhiara, Jharkhand 828305, India",,,https://www.google.com/maps/place/?q=place_id:ChIJu7sYBtkf9DkRWHZpweSO8iA,schools
Madhupur,Vill- Rajabhita,KENDRIYA VIDYALAYA MADHUPUR,"Vill- Rajabhita, 7JH8+545, Madhupur, Rajabihta, Jharkhand 815353, India",,,https://www.google.com/maps/place/?q=place_id:ChIJhRgbcDI38TkRV4NFIYvYDP4,schools
Madhupur,Village - Dumatanr,Delhi Public School Deoghar,"Village - Dumatanr , Near Lakra Mouja, Plot no 06, Dumatanr, Jharkhand 814113, India",,,https://www.google.com/maps/place/?q=place_id:ChIJud7heS8X8TkRBfJCzzQQb3E,schools
Madhupur,7JQ6+GF7,International Delhi Public School Madhupur,"7JQ6+GF7, Madhupur, Paharpur, Jharkhand 815353, India",,,https://www.google.com/maps/place/?q=place_id:ChIJOUGmIwA38TkRwjoWyY2fphc,schools
Madhupur,GP4H+3P2,DELHI PUBLIC SCHOOL Deoghar,"GP4H+3P2, Amgariya, near Delhi public school, Amgariya, Deoghar, Jharkhand 814157, India",,,https://www.google.com/maps/place/?q=place_id:ChIJTfVXw7gX8TkRHoVRrJCMG10,schools
Madhupur,Harsingh Raidih,Delhi Public School,"Harsingh Raidih, state Highway, Tundi Rd, Harsingh Raidih, Jharkhand 815302, India",,,https://www.google.com/maps/place/?q=place_id:ChIJH5KluyNU8TkRbmxydlzq-as,schools
Madhupur,6MQX+22H,Dps International School,"6MQX+22H, Gorkata, Jharkhand 815353, India",,,https://www.google.com/maps/place/?q=place_id:ChIJZwVVMQgx8TkRQYRg_pijQjA,schools
Garhwa,5R77+R84,D A V Modal School,"5R77+R84, Garhwa, Jharkhand 822114, India",4.5,10,https://www.google.com/maps/place/?q=place_id:ChIJ-978BlcOjDkR6e9_sBjk05U,schools
Garhwa,5R75+9QH,B.p Dav School Dress,"5R75+9QH, Pathan Toli Muhalla, Garhwa, Jharkhand 822114, India",2.9,8,https://www.google.com/maps/place/?q=place_id:ChIJZ2b4z1UOjDkRlDQrODrkFaM,schools
Garhwa,More,"B.P.DAV Public School, Garhwa","More, Pharatiya, Jharkhand 822124, India",,,https://www.google.com/maps/place/?q=place_id:ChIJWTyIB-ANjDkR1AN6un3O6eY,schools
Garhwa,Sahijana Rd,DAV MODEL SCHOOL,"Sahijana Rd, Chinia More, Nehru Nagar, Pipra Khurd, Garhwa, Jharkhand 822114, India",,,https://www.google.com/maps/place/?q=place_id:ChIJtxgoIFcPjDkRl17bLV1ELdI,schools
Garhwa,2017,Junior DPS,"2017, Kalyanpur, Jharkhand 822114, India",5,6,https://www.google.com/maps/place/?q=place_id:ChIJRUQiUlIPjDkRjW4eT0myrmI,schools
Garhwa,Near Tapej,Delhi Public School Chatra,"Near Tapej , Turaag, 6W85+8MR, Distt, Tunrag, Jharkhand 825401, India",3.8,35,https://www.google.com/maps/place/?q=place_id:ChIJZ7djYLGtjDkRfCmjVwecXXk,schools
Garhwa,By Pass Road,G.N.CONVENT SCHOOL,"By Pass Road, near Danro River, Sanghat Mohalla, Garhwa, Jharkhand 822114, India",4.1,49,https://www.google.com/maps/place/?q=place_id:ChIJmbNuNlYOjDkRvLgCqE939wI,schools
Garhwa,V24M+PF8,Dps TANDWA ( DELHI PUBLIC SCHOOL),"V24M+PF8, Koshaha Garilong road, Koshaha, Tandwa, Jharkhand 825321, India",,,https://www.google.com/maps/place/?q=place_id:ChIJ1ep32QCx9DkRxZL02nYOdGg,schools
Garhwa,dipwan garhwa,J P S CENTRAL SCHOOL GARHWA,"dipwan garhwa, 5Q6X+JM2, Patel Nagar, New Delhi, Garhwa, Jharkhand 822114, India",,,https://www.google.com/maps/place/?q=place_id:ChIJ_55z-qkPjDkRdf6V-3-SJVo,schools
Garhwa,Piprakala,Kendriya Vidyalaya Garhwa,"Piprakala, Gaytri Nagar, 4RXF+7FR, Garhwa, Jharkhand 822114, India",,,https://www.google.com/maps/place/?q=place_id:ChIJUR6uC-0OjDkRQ3GkfQXUO14,schools
Khunti,37GP+M2C,D A V School,"37GP+M2C, DAV Rd, Mishra Colony, Khunti, Jharkhand 835210, India",,,https://www.google.com/maps/place/?q=place_id:ChIJoT8YU8wX9TkRujMYWkiVE1Y,schools
Khunti,88M2+54H,Delhi Public School,"88M2+54H, Bypass Rd, Near Vivekanand Auditorium, SAIL Twp, Dhurwa, Ranchi, Jharkhand 834004, India",,,https://www.google.com/maps/place/?q=place_id:ChIJ4x9vLKDg9DkRhq3Z0iE73as,schools
Khunti,Maidan Toli,Dani Public School,"Maidan Toli, Khunti, Jharkhand 835210, India",,,https://www.google.com/maps/place/?q=place_id:ChIJ00j4ji4W9TkRBioYcU79ln8,schools
Khunti,27XP+QGM,DSE Office Khunti,"27XP+QGM, NH 20, Martin Bunglow Area, Khunti, Jharkhand 835210, India",4,3,https://www.google.com/maps/place/?q=place_id:ChIJo4Q2UV0X9TkReb3BXm0bLN4,schools
Khunti,D.A.V. road,"1st Step Play School,Khunti","D.A.V. road, Datiya Rd, opposite Hutubdag Mandir, Sonnar Colony, Khunti, Jharkhand 835210, India",4.8,154,https://www.google.com/maps/place/?q=place_id:ChIJI7hyfaMX9TkRs3z-au1BZx0,schools
Khunti,37CH+QP8,Springdales Public School,"37CH+QP8, Azad Rd, Girjatoli, Torpa, Khunti, Jharkhand 835210, India",,,https://www.google.com/maps/place/?q=place_id:ChIJATTOo0gX9TkRlYYMIMCBcKY,schools
Khunti,Dumardaga,Kendriya Vidyalaya Khunti,"Dumardaga, Dunardaga, Jharkhand 835210, India",,,https://www.google.com/maps/place/?q=place_id:ChIJ02cnq-g99TkROFGhxbvIcVM,schools
Patratu,J7MH+9P4,"DAV PUBLIC SCHOOL PTPS, PATRATU","J7MH+9P4, New Market, Patratu, Jharkhand 829119, India",,,https://www.google.com/maps/place/?q=place_id:ChIJh78fZnrq9DkRXXjpyuieeAU,schools
Patratu,J8M3+586,Dav Public School Patratu,"J8M3+586, Rasda, Patratu, Jharkhand 829143, India",,,https://www.google.com/maps/place/?q=place_id:ChIJAQAAAFDq9DkRNCRc-0utOnI,schools
Patratu,Balmiki nagar,DELHI PUBLIC SCHOOL PATRATU,"Balmiki nagar, Sankul Patratu Rd, Patratu, Jharkhand 829118, India",,,https://www.google.com/maps/place/?q=place_id:ChIJKW-1xYXr9DkRLrjwT8iUAUs,schools
Patratu,Po Diesel Colony Patratu,PM SHRI Kendriya Vidyalaya Patratu,"Po Diesel Colony Patratu, Patratu, Jharkhand 829118, India",,,https://www.google.com/maps/place/?q=place_id:ChIJQyHoccPq9DkREtKAgAMdJpU,schools
Godda,Urjanagar,DAV Public School,"Urjanagar, Mahagama, Jharkhand 814154, India",,,https://www.google.com/maps/place/?q=place_id:ChIJ8SXf2Mpl8DkRkyt6Vi0069E,schools
Godda,Routara,"Dayanand Arya Vedic Public School, Godda","Routara, R6V8+34F, Godda, Jharkhand 814133, India",,,https://www.google.com/maps/place/?q=place_id:ChIJhRwiKC718DkR4rDER0MZgWc,schools
Godda,W7RQ+JVC,Dav public school pathargama,"W7RQ+JVC, Chihari pahad, Pathargama, Kobhara, Jharkhand 814147, India",,,https://www.google.com/maps/place/?q=place_id:ChIJnRLCYDdh8DkRasECG-YqJH4,schools
Godda,Q6XH+85J,"Delhi Public School, Godda","Q6XH+85J, Godda, Sarkanda, Jharkhand 814133, India",,,https://www.google.com/maps/place/?q=place_id:ChIJ1etKKwCL8DkRi5Ns43efEHE,schools
Godda,R6C6+46C,Kendriya Vidyalaya,"R6C6+46C, Fasiya Dangal Rd, Fasia Dangal, Godda, Jharkhand 814133, India",,,https://www.google.com/maps/place/?q=place_id:ChIJVVVVxtD08DkRJ_bvfrztp1Q,schools
Bundu,5J5H+MQF,"Birsa Munda DAV Residential Public School ,Bundu Ranchi","5J5H+MQF, Tau, Burudih, Jharkhand 835204, India",,,https://www.google.com/maps/place/?q=place_id:ChIJX7lyiJ0H9TkRgSgH1EEMBUM,schools
Bundu,88M2+54H,Delhi Public School,"88M2+54H, Bypass Rd, Near Vivekanand Auditorium, SAIL Twp, Dhurwa, Ranchi, Jharkhand 834004, India",,,https://www.google.com/maps/place/?q=place_id:ChIJ4x9vLKDg9DkRhq3Z0iE73as,schools
Bundu,Near,South Point Public School Bundu,"Near, 5H3M+R3H, Rani Chuwa Rd, Bundu, Jharkhand 835204, India",,,https://www.google.com/maps/place/?q=place_id:ChIJq6pa1pQH9TkRww8Aiydnc8Q,schools
Bundu,V24M+PF8,Dps TANDWA ( DELHI PUBLIC SCHOOL),"V24M+PF8, Koshaha Garilong road, Koshaha, Tandwa, Jharkhand 825321, India",,,https://www.google.com/maps/place/?q=place_id:ChIJ1ep32QCx9DkRxZL02nYOdGg,schools
Bundu,Bundu Main Road,Symbiosis Public School,"Bundu Main Road, Edalhatu, Ranchi, Edalhatu, Jharkhand 835204, India",,,https://www.google.com/maps/place/?q=place_id:ChIJY2XJ4wkH9TkR9SJKMXcvp7c,schools
Bundu,Neori,DPS Greater Ranchi,"Neori, vikas, CCP8+4M4, Mesra, Jharkhand 835217, India",,,https://www.google.com/maps/place/?q=place_id:ChIJC1Q9purk9DkRPFan31dgwgI,schools
Bundu,5PP6+385,DAV BUNDU,"5PP6+385, Sonahatu Rd, Sarmali, Jharkhand 835204, India",,,https://www.google.com/maps/place/?q=place_id:ChIJWaEhzyav9TkRlijSUO5_KCc,schools
Bundu,Near Rocky Cinema,Birsa Children Academy,"Near Rocky Cinema, Bundu Road, Bundu, Ranchi, Bundu, Jharkhand 835204, India",4.4,25,https://www.google.com/maps/place/?q=place_id:ChIJl1FMdJoH9TkRaZYXH6C_xYs,schools
Bundu,89JM+W58,Kendriya Vidyalaya Namkum,"89JM+W58, Namkum, Ranchi, Jharkhand 834010, India",,,https://www.google.com/maps/place/?q=place_id:ChIJN6qxPCTj9DkRHUfr1kmfm9U,schools
Bundu,KV Campus,"Kendriya Vidyalaya Sangathan, Regional Office, Ranchi","KV Campus, Pin- 834010, Namkum, Ranchi, Jharkhand 834010, India",,,https://www.google.com/maps/place/?q=place_id:ChIJ3ceBKm_i9DkR_xnzTN3Fvvk,schools
Bundu,Hehal,"Kendriya Vidyalaya CCL,near off ground","Hehal, 97JR+RQ2, Ratu Rd, CCL Colony, Pahartoli, Ranchi, Jharkhand 834005, India",,,https://www.google.com/maps/place/?q=place_id:ChIJCcbzaZXg9DkRnC_mjwp5V6Q,schools
Bundu,Dumardaga,Kendriya Vidyalaya Khunti,"Dumardaga, Dunardaga, Jharkhand 835210, India",,,https://www.google.com/maps/place/?q=place_id:ChIJ02cnq-g99TkROFGhxbvIcVM,schools
Bundu,Doranda,KV Assistance,"Doranda, Ranchi, Jharkhand 834002, India",,,https://www.google.com/maps/place/?q=place_id:ChIJHT9JzLXh9DkRFZgnh0Yw9dA,schools
Bundu,JF8C+J2F,"Kendriya Vidyalaya, Barkakana","JF8C+J2F, Barkakana, Jharkhand 829102, India",,,https://www.google.com/maps/place/?q=place_id:ChIJ8wJmXDDy9DkRcs9wZ23-LF8,schools
Bundu,H.E.C. Campus,Kendriya Vidyalaya HEC,"H.E.C. Campus, Sector 2, Shakha Maidan, near CRPF Battalion, HEC Colony, Dhurwa, Ranchi, Jharkhand 834004, India",,,https://www.google.com/maps/place/?q=place_id:ChIJobSseTzg9DkRFBA4kx_KwJw,schools
Bundu,9CV2+C25,PM SHRI KENDRIYA VIDYALAYA DIPATOLI,"9CV2+C25, Deepatoli, Khelgaon, Ranchi, Dumardaga, Jharkhand 834012, India",,,https://www.google.com/maps/place/?q=place_id:ChIJs-eKlXbj9DkRb3SmaBzljgk,schools
Bundu,Po Diesel Colony Patratu,PM SHRI Kendriya Vidyalaya Patratu,"Po Diesel Colony Patratu, Patratu, Jharkhand 829118, India",,,https://www.google.com/maps/place/?q=place_id:ChIJQyHoccPq9DkREtKAgAMdJpU,schools
Bundu,JCCX+344,Kendriya vidyalaya Bhurukuna,"JCCX+344, New Town-Ship Barkakana, Barkakana, Jharkhand 829103, India",,,https://www.google.com/maps/place/?q=place_id:ChIJtSH39w3y9DkRI5BtFNMEGOE,schools
Bundu,CRPF Camp,Kendriya Vidyalaya CRPF,"CRPF Camp, Tiril, CRPF Campus, Dhurwa, Ranchi, Jharkhand 834004, India",,,https://www.google.com/maps/place/?q=place_id:ChIJAQAAUPDf9DkRdMD697uYz8M,schools
Lohardagga,Dav School,Dav School,"Dav School, Lohardaga, Juriya, Jharkhand 835302, India",,,https://www.google.com/maps/place/?q=place_id:ChIJBUrE73AkizkRdoJ6b36gOHU,schools
Lohardagga,CM8M+984,"Delhi Public School ,Lohardaga","CM8M+984, Lohardaga, Jharkhand 835302, India",,,https://www.google.com/maps/place/?q=place_id:ChIJ63WkFYwjizkR_HAFgdwhPos,schools
Lohardagga,9QF3+4C4,Kendriya Vidyalaya Lohardaga,"9QF3+4C4, Akashi - Lohardaga Rd, Nadiya, Lohardaga, Udrangi, Jharkhand 835302, India",,,https://www.google.com/maps/place/?q=place_id:ChIJN58cZgIlizkRWxpm0ILnZVo,schools
Silli,9VR6+M94,"MAS DAV Public School, Silli, Jharkhand","9VR6+M94, Sulumjuri, Bansaruli, Jharkhand 835101, India",,,https://www.google.com/maps/place/?q=place_id:ChIJK0mGfZ1M9DkRQs7DOQi0sbs,schools
Silli,88M2+54H,Delhi Public School,"88M2+54H, Bypass Rd, Near Vivekanand Auditorium, SAIL Twp, Dhurwa, Ranchi, Jharkhand 834004, India",,,https://www.google.com/maps/place/?q=place_id:ChIJ4x9vLKDg9DkRhq3Z0iE73as,schools
Silli,9R6X+FXJ,S S+2 HIGH SCHOOL SILLI,"9R6X+FXJ, Silli Main Rd, Sulumjuri, Jharkhand 835102, India",4.6,5,https://www.google.com/maps/place/?q=place_id:ChIJm3Rnl2JL9DkR96XrL8mrVR4,schools
Silli,Neori,DPS Greater Ranchi,"Neori, vikas, CCP8+4M4, Mesra, Jharkhand 835217, India",,,https://www.google.com/maps/place/?q=place_id:ChIJC1Q9purk9DkRPFan31dgwgI,schools
Silli,Hehal,"Kendriya Vidyalaya CCL,near off ground","Hehal, 97JR+RQ2, Ratu Rd, CCL Colony, Pahartoli, Ranchi, Jharkhand 834005, India",,,https://www.google.com/maps/place/?q=place_id:ChIJCcbzaZXg9DkRnC_mjwp5V6Q,schools
Silli,9CV2+C25,PM SHRI KENDRIYA VIDYALAYA DIPATOLI,"9CV2+C25, Deepatoli, Khelgaon, Ranchi, Dumardaga, Jharkhand 834012, India",,,https://www.google.com/maps/place/?q=place_id:ChIJs-eKlXbj9DkRb3SmaBzljgk,schools
Silli,Doranda,KV Assistance,"Doranda, Ranchi, Jharkhand 834002, India",,,https://www.google.com/maps/place/?q=place_id:ChIJHT9JzLXh9DkRFZgnh0Yw9dA,schools
Silli,Dumardaga,Kendriya Vidyalaya Khunti,"Dumardaga, Dunardaga, Jharkhand 835210, India",,,https://www.google.com/maps/place/?q=place_id:ChIJ02cnq-g99TkROFGhxbvIcVM,schools
Silli,KV Campus,"Kendriya Vidyalaya Sangathan, Regional Office, Ranchi","KV Campus, Pin- 834010, Namkum, Ranchi, Jharkhand 834010, India",,,https://www.google.com/maps/place/?q=place_id:ChIJ3ceBKm_i9DkR_xnzTN3Fvvk,schools
Silli,Training School Campus,Kendriya Vidyalaya Gumla,"Training School Campus, Karam Toli Road, Gumla, Jharkhand 835207, India",4.3,117,https://www.google.com/maps/place/?q=place_id:ChIJCflpDDDpijkRFtFw0491UBQ,schools
Silli,H.E.C. Campus,Kendriya Vidyalaya HEC,"H.E.C. Campus, Sector 2, Shakha Maidan, near CRPF Battalion, HEC Colony, Dhurwa, Ranchi, Jharkhand 834004, India",,,https://www.google.com/maps/place/?q=place_id:ChIJobSseTzg9DkRFBA4kx_KwJw,schools
Silli,Kendu post jabra,Kendriya Vidyalaya Simaria Chatra,"Kendu post jabra, ps, Simaria Khurd, Banhe, Jharkhand 825103, India",,,https://www.google.com/maps/place/?q=place_id:ChIJZQbafamqjDkROc7DsUYcjZs,schools
Silli,89JM+W58,Kendriya Vidyalaya Namkum,"89JM+W58, Namkum, Ranchi, Jharkhand 834010, India",,,https://www.google.com/maps/place/?q=place_id:ChIJN6qxPCTj9DkRHUfr1kmfm9U,schools
Silli,9QCX+4JG,KGBV Silli,"9QCX+4JG, Unnamed Road, Bansiya, Barkitanr, Jharkhand 835102, India",3,2,https://www.google.com/maps/place/?q=place_id:ChIJ3eqy4a9N9DkRBCu0FV704qc,schools
Silli,PGQF+267,Kendriya Vidyalaya Latehar,"PGQF+267, Kinamanr, Jharkhand 829206, India",,,https://www.google.com/maps/place/?q=place_id:ChIJz_1-sYprizkRhbUz1jsNbPo,schools
Silli,CRPF Camp,Kendriya Vidyalaya CRPF,"CRPF Camp, Tiril, CRPF Campus, Dhurwa, Ranchi, Jharkhand 834004, India",,,https://www.google.com/maps/place/?q=place_id:ChIJAQAAUPDf9DkRdMD697uYz8M,schools
Silli,Po Diesel Colony Patratu,PM SHRI Kendriya Vidyalaya Patratu,"Po Diesel Colony Patratu, Patratu, Jharkhand 829118, India",,,https://www.google.com/maps/place/?q=place_id:ChIJQyHoccPq9DkREtKAgAMdJpU,schools
Silli,88Q9+R8H,"Kendriya Vidyalaya, Hinoo, AG More","88Q9+R8H, Hinoo Main Rd, AG More, Shyamali Colony, Doranda, Ranchi, Jharkhand 834002, India",,,https://www.google.com/maps/place/?q=place_id:ChIJN5l_C5fh9DkRGX_jPZJXaMY,schools
Silli,HCFR+7PC,"Kendriya Vidyalaya, Surda","HCFR+7PC, Surda - Kadandih Rd, Ghatshila, Sohada, Jharkhand 832303, India",,,https://www.google.com/maps/place/?q=place_id:ChIJs5lmStz3HToRaM0XD8DsmDI,schools
Silli,Piprakala,Kendriya Vidyalaya Garhwa,"Piprakala, Gaytri Nagar, 4RXF+7FR, Garhwa, Jharkhand 822114, India",,,https://www.google.com/maps/place/?q=place_id:ChIJUR6uC-0OjDkRQ3GkfQXUO14,schools
Silli,Silli,Govt. Middle School Silli Board,"Silli, near Middle School, Tutki, Jharkhand 835102, India",,,https://www.google.com/maps/place/?q=place_id:ChIJXwLMXpdM9DkRMwldQ2uhWUU,schools
Silli,South Settlement Railway Engineering Colony,Kendriya Vidyalaya Tatanagar,"South Settlement Railway Engineering Colony, 605, Tatanagar, near Railway Station, Tata Nagar, Khasmahal, Jugsalai, Jamshedpur, Jharkhand 831002, India",,,https://www.google.com/maps/place/?q=place_id:ChIJC9Errsz89TkRr_B8DAL6oaE,schools
Silli,JF8C+J2F,"Kendriya Vidyalaya, Barkakana","JF8C+J2F, Barkakana, Jharkhand 829102, India",,,https://www.google.com/maps/place/?q=place_id:ChIJ8wJmXDDy9DkRcs9wZ23-LF8,schools
Silli,Officer Hostel No 02,Kendriya Vidyalaya CTPS Chandrapura,"Officer Hostel No 02, CTPS, DVC, D Type Colony Rd, Chandrapura, Ghatiari, Jharkhand 828403, India",,,https://www.google.com/maps/place/?q=place_id:ChIJoT7n5TwY9DkRXu7lNT0Me5I,schools
Barkagaon,SAWANG COLLIERY,DAV PUBLIC SCHOOL,"SAWANG COLLIERY, CCL, Bokaro, Gumia, Jharkhand 829111, India",,,https://www.google.com/maps/place/?q=place_id:ChIJj1KVAo8-9DkR376040XoK6o,schools
Barkagaon,V5H8+927,Prameshwari DAV School Garri Khurd,"V5H8+927, Garri Khurd, Jharkhand 825311, India",5,2,https://www.google.com/maps/place/?q=place_id:ChIJJWm_Nsuk9DkR2wFpp-cOEHo,schools
Barkagaon,294P+96J,DAV Public School,"294P+96J, Dipugarha, Hazaribagh, Jharkhand 825301, India",,,https://www.google.com/maps/place/?q=place_id:ChIJzYgu10Kc9DkRvZRNUdsVE94,schools
Barkagaon,Grand Trunk Rd,D.A.V PUBLIC SCHOOL BARHI,"Grand Trunk Rd, near Sdo Office, Barhi, Konra, Jharkhand 825405, India",,,https://www.google.com/maps/place/?q=place_id:ChIJPZ0N2SJw8zkRi12TEYcImNE,schools
Barkagaon,Sur,"D.A.V Public School, Bachra","Sur, Vihar Colony, Bachra, Jharkhand 829201, India",,,https://www.google.com/maps/place/?q=place_id:ChIJj4RY6NS39DkR-QMpWaBVfII,schools
Barkagaon,V4XX+FQ4,DAV PUBLIC SCHOOL BELTU,"V4XX+FQ4, Gosai sthan Road, Beltu, Jharkhand 825311, India",5,1,https://www.google.com/maps/place/?q=place_id:ChIJeQlKMm6l9DkRry-KNh9czPw,schools
Barkagaon,J8FH+C2,D.A.V. Public School,"J8FH+C2, Balkudra, Jharkhand 829143, India",,,https://www.google.com/maps/place/?q=place_id:ChIJCTqcxyzr9DkRoGVdjhqull4,schools
Barkagaon,DAV Public School,"DAV Public School, Urimari","DAV Public School, Urimari, Jharkhand 825311, India",,,https://www.google.com/maps/place/?q=place_id:ChIJ5fmwiimV9DkRAfvOyWbKXV8,schools
Barkagaon,8378+77,D.A.V ALOK PUBLIC SCHOOL,"8378+77, Garhagaon, Jharkhand 835202, India",,,https://www.google.com/maps/place/?q=place_id:ChIJeathsUTX9DkRIMWCIQuvXA0,schools
Barkagaon,DAV PUBLIC SCHOOL NTS,DAV Public School NTS Barkakana,"DAV PUBLIC SCHOOL NTS, New Town-Ship Barkakana, Barkakana, Jharkhand 829103, India",,,https://www.google.com/maps/place/?q=place_id:ChIJl1A6hBby9DkRZ0bfJT4fNqw,schools
Barkagaon,JGGM+HX2,D.A.V. Public School Ramgarh.,"JGGM+HX2, near bazar samati, Ramgarh Cantonment, Jharkhand 829122, India",,,https://www.google.com/maps/place/?q=place_id:ChIJHyAyDNj19DkR_m9ndX0-86Y,schools
Barkagaon,296P+5M8,"D.a.v Public School (Sr Wing,)","296P+5M8, Dipugarha, Hazaribagh, Jharkhand 825301, India",,,https://www.google.com/maps/place/?q=place_id:ChIJ9QnmlkCd9DkRmY9Mdv0ugJ0,schools
Barkagaon,V3QG+7C,Dav public school pagar,"V3QG+7C, Pagar, Jharkhand 825311, India",,,https://www.google.com/maps/place/?q=place_id:ChIJDaw6VS2v9DkRNmviufI-6fk,schools
Barkagaon,2P8X+MJ5,Adarsh D.A.V. Public School,"2P8X+MJ5, Cherra, Bishungarh, Jharkhand 825312, India",,,https://www.google.com/maps/place/?q=place_id:ChIJBSKgqcF59DkRjhyQNf35q7Q,schools
Barkagaon,294J+53H,DAV JUNIOR PUBLIC SCHOOL,"294J+53H, Canary Hill Rd, DIST, Hazaribagh, Jharkhand 825301, India",,,https://www.google.com/maps/place/?q=place_id:ChIJgWaLj0Gc9DkRmjaqx8JESpw,schools
Barkagaon,6V94+R8H,"DAV PUBLIC SCHOOL,","6V94+R8H, GAYA ROAD, Bamne, Chatra, Jharkhand 825401, India",,,https://www.google.com/maps/place/?q=place_id:ChIJhxihAsytjDkR6UGHzwesoJE,schools
Barkagaon,NH 522,D.A.V sanford public school,"NH 522, Tati Jhariya, Jharia, Jharkhand 825313, India",,,https://www.google.com/maps/place/?q=place_id:ChIJt0iPor1_9DkR6WuEcGpOwMw,schools
Barkagaon,Ghatotand,TATA D.A.V Public School,"Ghatotand, Barughutu, Jharkhand 825314, India",,,https://www.google.com/maps/place/?q=place_id:ChIJ-w4dxNOL9DkR-Y9X9TF7p5U,schools
Barkagaon,Tapin,"Dav Public School, Tapin South","Tapin, RFR6+M5P, South, Bahera, Jharkhand 825326, India",,,https://www.google.com/maps/place/?q=place_id:ChIJ69NMEb-P9DkRxgQRxeVxF0g,schools
Barkagaon,ward no 5,Agrasen DAV Public School,"ward no 5, NH 33, ramgarh city road, MGQ6+MHV, Ramgarh, Pathway School, Sandi, Bharechnagar, Jharkhand 829117, India",,,https://www.google.com/maps/place/?q=place_id:ChIJbWty9VDz9DkRMNru_0jrSns,schools
Barkagaon,Shankarpur,Delhi Public School Hazaribag,"Shankarpur, Ward No 34, Barkagaon Road, Jaiprabha Nagar, Hazaribagh, Sirsi no. I, Jharkhand 825302, India",,,https://www.google.com/maps/place/?q=place_id:ChIJ84JGZD2b9DkRu-iBcsxhyn0,schools
Barkagaon,Baba Nagar,"NEW DELHI PUBLIC SCHOOL, BARKAGOAN","Baba Nagar, Rana MuhallaBarkagaon, V649+P23, Barkagaon, Jharkhand 825311, India",,,https://www.google.com/maps/place/?q=place_id:ChIJu8VwY8K89DkR48SQbKiDLXs,schools
Barkagaon,Near Tapej,Delhi Public School Chatra,"Near Tapej , Turaag, 6W85+8MR, Distt, Tunrag, Jharkhand 825401, India",3.8,35,https://www.google.com/maps/place/?q=place_id:ChIJZ7djYLGtjDkRfCmjVwecXXk,schools
Barkagaon,8C37+HP5,Delhi Public School Barhi,"8C37+HP5, Barhi, Jharkhand 825405, India",4.5,10,https://www.google.com/maps/place/?q=place_id:ChIJsSyPFLhv8zkRs5IjbeVCIDI,schools
Barkagaon,Bengali Colony,DPS Junior International School,"Bengali Colony, Barkagaon Road, X9Q5+7XM, Matwari, Hazaribagh, Jharkhand 825301, India",,,https://www.google.com/maps/place/?q=place_id:ChIJnYwi4Mad9DkRNt6fK5dnWhA,schools
Barkagaon,Malda Road,DPS SCHOOL GAWAN,"Malda Road, near Thakurbari, Gawan, Jharkhand 815313, India",,,https://www.google.com/maps/place/?q=place_id:ChIJdXuIT-fH8zkRSIKzHqehtmo,schools
Barkagaon,V24M+PF8,Dps TANDWA ( DELHI PUBLIC SCHOOL),"V24M+PF8, Koshaha Garilong road, Koshaha, Tandwa, Jharkhand 825321, India",,,https://www.google.com/maps/place/?q=place_id:ChIJ1ep32QCx9DkRxZL02nYOdGg,schools
Barkagaon,1021,"Delhi Public School Chas, Bokaro","1021, Raghunathpur - Chas Main Rd, Chas, Khamarbendi, Jharkhand 827013, India",,,https://www.google.com/maps/place/?q=place_id:ChIJhZdrtzAn9DkRPrAoo9yyAgs,schools
Barkagaon,Harsingh Raidih,Delhi Public School,"Harsingh Raidih, state Highway, Tundi Rd, Harsingh Raidih, Jharkhand 815302, India",,,https://www.google.com/maps/place/?q=place_id:ChIJH5KluyNU8TkRbmxydlzq-as,schools
Barkagaon,Barkagaon Block Office,"Modern public School, Barkagaon","Barkagaon Block Office, Barkagaon, Jharkhand 825311, India",,,https://www.google.com/maps/place/?q=place_id:ChIJLwL8k-689DkR1yVwOcfUc9Q,schools
Barkagaon,JF8C+J2F,"Kendriya Vidyalaya, Barkakana","JF8C+J2F, Barkakana, Jharkhand 829102, India",,,https://www.google.com/maps/place/?q=place_id:ChIJ8wJmXDDy9DkRcs9wZ23-LF8,schools
Barkagaon,2FG5+WQ8 Bsf,Kendriya Vidyalaya BSF Hazaribagh,"2FG5+WQ8 Bsf, Camp, Meru, Hazaribagh, Jharkhand 825317, India",,,https://www.google.com/maps/place/?q=place_id:ChIJTdWTGiVW5kcR6f-cybO3Ogs,schools
Barkagaon,Kendu post jabra,Kendriya Vidyalaya Simaria Chatra,"Kendu post jabra, ps, Simaria Khurd, Banhe, Jharkhand 825103, India",,,https://www.google.com/maps/place/?q=place_id:ChIJZQbafamqjDkROc7DsUYcjZs,schools
Barkagaon,Officer Hostel No 02,Kendriya Vidyalaya CTPS Chandrapura,"Officer Hostel No 02, CTPS, DVC, D Type Colony Rd, Chandrapura, Ghatiari, Jharkhand 828403, India",,,https://www.google.com/maps/place/?q=place_id:ChIJoT7n5TwY9DkRXu7lNT0Me5I,schools
Barkagaon,Po Diesel Colony Patratu,PM SHRI Kendriya Vidyalaya Patratu,"Po Diesel Colony Patratu, Patratu, Jharkhand 829118, India",,,https://www.google.com/maps/place/?q=place_id:ChIJQyHoccPq9DkREtKAgAMdJpU,schools
Barkagaon,9QF3+4C4,Kendriya Vidyalaya Lohardaga,"9QF3+4C4, Akashi - Lohardaga Rd, Nadiya, Lohardaga, Udrangi, Jharkhand 835302, India",,,https://www.google.com/maps/place/?q=place_id:ChIJN58cZgIlizkRWxpm0ILnZVo,schools
Barkagaon,PGQF+267,Kendriya Vidyalaya Latehar,"PGQF+267, Kinamanr, Jharkhand 829206, India",,,https://www.google.com/maps/place/?q=place_id:ChIJz_1-sYprizkRhbUz1jsNbPo,schools
Barkagaon,RV3M+C8Q,Kendriya Vidyalaya Bokaro Thermal,"RV3M+C8Q, Bokaro Thermal, Jharkhand 829107, India",,,https://www.google.com/maps/place/?q=place_id:ChIJ33ctYYdr9DkRGaRdVBDOM2U,schools
Barkagaon,V5G2+JM9,PM SHRI Kendriya Vidyalaya Gomoh,"V5G2+JM9, Gomoh, Jharkhand 828401, India",,,https://www.google.com/maps/place/?q=place_id:ChIJKTeeEhQb9DkR7WCG4gdGuDQ,schools
Barkagaon,V638+PHW,"Middle School, Barkagaon","V638+PHW, near Kali Mandir Barkagaon, Barkagaon, Jharkhand 825311, India",,,https://www.google.com/maps/place/?q=place_id:ChIJiw_U6um89DkRkbald_IcBf8,schools
Barkagaon,Station Rd,PM SHRI Kendriya Vidyalaya No.3 Bokaro,"Station Rd, Railway Colony, Bokaro Steel City, Jharkhand 827010, India",,,https://www.google.com/maps/place/?q=place_id:ChIJ998FK8889DkRK7LIWfkrwn0,schools
Barkagaon,KV Campus,"Kendriya Vidyalaya Sangathan, Regional Office, Ranchi","KV Campus, Pin- 834010, Namkum, Ranchi, Jharkhand 834010, India",,,https://www.google.com/maps/place/?q=place_id:ChIJ3ceBKm_i9DkR_xnzTN3Fvvk,schools
Barkagaon,Dumardaga,Kendriya Vidyalaya Khunti,"Dumardaga, Dunardaga, Jharkhand 835210, India",,,https://www.google.com/maps/place/?q=place_id:ChIJ02cnq-g99TkROFGhxbvIcVM,schools
Barkagaon,V658+JW7,The Central Public School Barkagaon,"V658+JW7, Barkagaon, Jharkhand 825311, India",,,https://www.google.com/maps/place/?q=place_id:ChIJq6qq6um89DkR1nti_BNjRWo,schools
Kujju,PGMR+V55,D A V Sr. Sec Pub.school Ara,"PGMR+V55, Jharkhand 829134, India",,,https://www.google.com/maps/place/?q=place_id:ChIJHXpaVG2L9DkR5owLEHrBd88,schools
Kujju,JGGM+HX2,D.A.V. Public School Ramgarh.,"JGGM+HX2, near bazar samati, Ramgarh Cantonment, Jharkhand 829122, India",,,https://www.google.com/maps/place/?q=place_id:ChIJHyAyDNj19DkR_m9ndX0-86Y,schools
Kujju,ward no 5,Agrasen DAV Public School,"ward no 5, NH 33, ramgarh city road, MGQ6+MHV, Ramgarh, Pathway School, Sandi, Bharechnagar, Jharkhand 829117, India",,,https://www.google.com/maps/place/?q=place_id:ChIJbWty9VDz9DkRMNru_0jrSns,schools
Kujju,Chainpur,Tata DAV public school chainpur,"Chainpur, Bhadwa, Jharkhand 829134, India",,,https://www.google.com/maps/place/?q=place_id:ChIJNXyVjgqL9DkRofSDrHi6kU8,schools
Kujju,Ghatotand,TATA D.A.V Public School,"Ghatotand, Barughutu, Jharkhand 825314, India",,,https://www.google.com/maps/place/?q=place_id:ChIJ-w4dxNOL9DkR-Y9X9TF7p5U,schools
Kujju,J8FH+C2,D.A.V. Public School,"J8FH+C2, Balkudra, Jharkhand 829143, India",,,https://www.google.com/maps/place/?q=place_id:ChIJCTqcxyzr9DkRoGVdjhqull4,schools
Kujju,TATA DAV PUBLIC SCHOOL,TATA DAV PUBLIC SCHOOL BHUYANDIH,"TATA DAV PUBLIC SCHOOL, BHUYANDIH, Badgaon, Chainpur, Jharkhand 829134, India",4.6,13,https://www.google.com/maps/place/?q=place_id:ChIJu338AsyL9DkRN_nWZHYqkHM,schools
Kujju,MGR6+HR4,D A V SCHOOL Bharechnagar,"MGR6+HR4, Bharechnagar, Jharkhand 829117, India",,,https://www.google.com/maps/place/?q=place_id:ChIJC1T_RFDz9DkRm0tx3QUvSXs,schools
Kujju,PG95+38C,PUBLIC HIGH SCHOOL KUJU,"PG95+38C, Kuju, Jharkhand 825316, India",,,https://www.google.com/maps/place/?q=place_id:ChIJn3bE-0qN9DkR00TI3zuYaeE,schools
Kujju,Visthapit Nagar Hesla,DPS Junior International School,"Visthapit Nagar Hesla, J78J+8FX, 2, Patratu, Jharkhand 829119, India",,,https://www.google.com/maps/place/?q=place_id:ChIJxSsX10rr9DkRO_yReIDGw2k,schools
Kujju,9W9P+6X7,DELHI PUBLIC SCHOOL KENDUA,"9W9P+6X7, Kendua, Jharkhand 825412, India",,,https://www.google.com/maps/place/?q=place_id:ChIJEQFaMQDt8zkRLgKH_UKxzJc,schools
Kujju,7359+HH3,Delhi Public School PITIZ,"7359+HH3, Vill-Gulli, Pitiz, इत्कोरी, झारखंड 825408, India",,,https://www.google.com/maps/place/?q=place_id:ChIJAQAAQPFE8zkRpDsnjTvGj04,schools
Kujju,V24M+PF8,Dps TANDWA ( DELHI PUBLIC SCHOOL),"V24M+PF8, Koshaha Garilong road, Koshaha, Tandwa, Jharkhand 825321, India",,,https://www.google.com/maps/place/?q=place_id:ChIJ1ep32QCx9DkRxZL02nYOdGg,schools
Kujju,HQ3V+M3,Modern Delhi public school Dundigachhi,"HQ3V+M3, Khakhra, Dundigachhi, Jharkhand 829110, India",,,https://www.google.com/maps/place/?q=place_id:ChIJLT2cdSZF9DkRvNzyYI5MjxM,schools
Kujju,Village - Dumatanr,Delhi Public School Deoghar,"Village - Dumatanr , Near Lakra Mouja, Plot no 06, Dumatanr, Jharkhand 814113, India",,,https://www.google.com/maps/place/?q=place_id:ChIJud7heS8X8TkRBfJCzzQQb3E,schools
Kujju,Balmiki nagar,DELHI PUBLIC SCHOOL PATRATU,"Balmiki nagar, Sankul Patratu Rd, Patratu, Jharkhand 829118, India",,,https://www.google.com/maps/place/?q=place_id:ChIJKW-1xYXr9DkRLrjwT8iUAUs,schools
Kujju,PGH8+7HR,Girls High School Kuju KUJU RAMGARH JHARKHAND,"PGH8+7HR, Kathra Tola Road, Murpa, Kuju, Jharkhand 825316, India",3.8,17,https://www.google.com/maps/place/?q=place_id:ChIJaWD_aGSL9DkRPcFJpJhqb3w,schools
Kujju,JFJW+MJH,PM Shri Kendriya Vidyalaya Ramgarh Cantt,"JFJW+MJH, Military Camp Rd, Ramgarh Cantonment, Jharkhand 829131, India",4.1,80,https://www.google.com/maps/place/?q=place_id:ChIJT8tC5ZLz9DkR3A5rvCcVhf8,schools
Kujju,Po Diesel Colony Patratu,PM SHRI Kendriya Vidyalaya Patratu,"Po Diesel Colony Patratu, Patratu, Jharkhand 829118, India",,,https://www.google.com/maps/place/?q=place_id:ChIJQyHoccPq9DkREtKAgAMdJpU,schools
Kujju,JF8C+J2F,"Kendriya Vidyalaya, Barkakana","JF8C+J2F, Barkakana, Jharkhand 829102, India",,,https://www.google.com/maps/place/?q=place_id:ChIJ8wJmXDDy9DkRcs9wZ23-LF8,schools
Kujju,Dumardaga,Kendriya Vidyalaya Khunti,"Dumardaga, Dunardaga, Jharkhand 835210, India",,,https://www.google.com/maps/place/?q=place_id:ChIJ02cnq-g99TkROFGhxbvIcVM,schools
Kujju,Vill- Rajabhita,KENDRIYA VIDYALAYA MADHUPUR,"Vill- Rajabhita, 7JH8+545, Madhupur, Rajabihta, Jharkhand 815353, India",,,https://www.google.com/maps/place/?q=place_id:ChIJhRgbcDI38TkRV4NFIYvYDP4,schools
Kujju,JCCX+344,Kendriya vidyalaya Bhurukuna,"JCCX+344, New Town-Ship Barkakana, Barkakana, Jharkhand 829103, India",,,https://www.google.com/maps/place/?q=place_id:ChIJtSH39w3y9DkRI5BtFNMEGOE,schools
Chouparan,294P+96J,DAV Public School,"294P+96J, Dipugarha, Hazaribagh, Jharkhand 825301, India",,,https://www.google.com/maps/place/?q=place_id:ChIJzYgu10Kc9DkRvZRNUdsVE94,schools
Chouparan,Grand Trunk Rd,D.A.V PUBLIC SCHOOL BARHI,"Grand Trunk Rd, near Sdo Office, Barhi, Konra, Jharkhand 825405, India",,,https://www.google.com/maps/place/?q=place_id:ChIJPZ0N2SJw8zkRi12TEYcImNE,schools
Chouparan,Sur,"D.A.V Public School, Bachra","Sur, Vihar Colony, Bachra, Jharkhand 829201, India",,,https://www.google.com/maps/place/?q=place_id:ChIJj4RY6NS39DkR-QMpWaBVfII,schools
Chouparan,Tapin North,D.A.V. Public School Tapin North,"Tapin North, RRW (CCL), AT, Post - Banjee, Prem Nagar, Ranchi, Tapin, Jharkhand 825326, India",,,https://www.google.com/maps/place/?q=place_id:ChIJO3LSh8mO9DkRAm0QEkLSp6U,schools
Chouparan,2P8X+MJ5,Adarsh D.A.V. Public School,"2P8X+MJ5, Cherra, Bishungarh, Jharkhand 825312, India",,,https://www.google.com/maps/place/?q=place_id:ChIJBSKgqcF59DkRjhyQNf35q7Q,schools
Chouparan,SAWANG COLLIERY,DAV PUBLIC SCHOOL,"SAWANG COLLIERY, CCL, Bokaro, Gumia, Jharkhand 829111, India",,,https://www.google.com/maps/place/?q=place_id:ChIJj1KVAo8-9DkR376040XoK6o,schools
Chouparan,W3VR+H74,PC DAV Public School,"W3VR+H74, Poraia, Jharkhand 825167, India",,,https://www.google.com/maps/place/?q=place_id:ChIJ6aLA4IYP9DkRvZB7M69S1vE,schools
Chouparan,NH 522,D.A.V sanford public school,"NH 522, Tati Jhariya, Jharia, Jharkhand 825313, India",,,https://www.google.com/maps/place/?q=place_id:ChIJt0iPor1_9DkR6WuEcGpOwMw,schools
Chouparan,97P6+3HX,Raj Memorial Public School,"97P6+3HX, Chaithi More, Chouparan, Jharkhand 825406, India",,,https://www.google.com/maps/place/?q=place_id:ChIJhzGM1txB8zkRQ7s6Y-zlKfw,schools
Chouparan,W3VR+G9J,PC DAV Public School (Sr. Branch),"W3VR+G9J, Hayathnagar, Nimiyaghat, Poraia, Jharkhand 825167, India",,,https://www.google.com/maps/place/?q=place_id:ChIJecgZ_zYP9DkRvMu5mvta8v0,schools
Chouparan,97P2+WW9,KBSS +2 HIGH SCHOOL CHOUPARAN,"97P2+WW9, Chouparan, Jharkhand 825406, India",,,https://www.google.com/maps/place/?q=place_id:ChIJWfKyZcdB8zkRFzJ2WR2RYmU,schools
Chouparan,Mundro,DAV MOTI PUBLIC SCHOOL MUNDRO,"Mundro, 4QV6+9G4, Bagodar, Mundro, Jharkhand 825320, India",,,https://www.google.com/maps/place/?q=place_id:ChIJk82MSi-G8zkRY0rSe_ZGdew,schools
Chouparan,6V94+R8H,"DAV PUBLIC SCHOOL,","6V94+R8H, GAYA ROAD, Bamne, Chatra, Jharkhand 825401, India",,,https://www.google.com/maps/place/?q=place_id:ChIJhxihAsytjDkR6UGHzwesoJE,schools
Chouparan,Chouparan - Chatra Rd,Kasturba Gandhi High School,"Chouparan - Chatra Rd, Maharajgang, Chakrasar, Jharkhand 825406, India",,,https://www.google.com/maps/place/?q=place_id:ChIJ_alfTGNB8zkRWhl69_CJ_lI,schools
Chouparan,Tapin,"Dav Public School, Tapin South","Tapin, RFR6+M5P, South, Bahera, Jharkhand 825326, India",,,https://www.google.com/maps/place/?q=place_id:ChIJ69NMEb-P9DkRxgQRxeVxF0g,schools
Chouparan,ward no 5,Agrasen DAV Public School,"ward no 5, NH 33, ramgarh city road, MGQ6+MHV, Ramgarh, Pathway School, Sandi, Bharechnagar, Jharkhand 829117, India",,,https://www.google.com/maps/place/?q=place_id:ChIJbWty9VDz9DkRMNru_0jrSns,schools
Chouparan,DAV Public School,"DAV Public School, Urimari","DAV Public School, Urimari, Jharkhand 825311, India",,,https://www.google.com/maps/place/?q=place_id:ChIJ5fmwiimV9DkRAfvOyWbKXV8,schools
Chouparan,CG5P+Q4G,PVSS DAV Public School,"CG5P+Q4G, Jhumri Telaiya, Koderma, Jharkhand 825409, India",,,https://www.google.com/maps/place/?q=place_id:ChIJSwCrSr908zkRvlyq81K0rAE,schools
Chouparan,294J+53H,DAV JUNIOR PUBLIC SCHOOL,"294J+53H, Canary Hill Rd, DIST, Hazaribagh, Jharkhand 825301, India",,,https://www.google.com/maps/place/?q=place_id:ChIJgWaLj0Gc9DkRmjaqx8JESpw,schools
Chouparan,Near Tapej,Delhi Public School Chatra,"Near Tapej , Turaag, 6W85+8MR, Distt, Tunrag, Jharkhand 825401, India",3.8,35,https://www.google.com/maps/place/?q=place_id:ChIJZ7djYLGtjDkRfCmjVwecXXk,schools
Chouparan,Shankarpur,Delhi Public School Hazaribag,"Shankarpur, Ward No 34, Barkagaon Road, Jaiprabha Nagar, Hazaribagh, Sirsi no. I, Jharkhand 825302, India",,,https://www.google.com/maps/place/?q=place_id:ChIJ84JGZD2b9DkRu-iBcsxhyn0,schools
Chouparan,8C37+HP5,Delhi Public School Barhi,"8C37+HP5, Barhi, Jharkhand 825405, India",4.5,10,https://www.google.com/maps/place/?q=place_id:ChIJsSyPFLhv8zkRs5IjbeVCIDI,schools
Chouparan,Malda Road,DPS SCHOOL GAWAN,"Malda Road, near Thakurbari, Gawan, Jharkhand 815313, India",,,https://www.google.com/maps/place/?q=place_id:ChIJdXuIT-fH8zkRSIKzHqehtmo,schools
Chouparan,V24M+PF8,Dps TANDWA ( DELHI PUBLIC SCHOOL),"V24M+PF8, Koshaha Garilong road, Koshaha, Tandwa, Jharkhand 825321, India",,,https://www.google.com/maps/place/?q=place_id:ChIJ1ep32QCx9DkRxZL02nYOdGg,schools
Chouparan,6W66+69J,DPS School Chatra,"6W66+69J, Tunrag, Jharkhand 825401, India",,,https://www.google.com/maps/place/?q=place_id:ChIJqf91HcitjDkRKSa-ooumOvA,schools
Chouparan,62RH+W5W,DELHI PUBLIC SCHOOL,"62RH+W5W, Chouparan - Chatra Rd, Barwadih, Barisakhi, Jharkhand 825408, India",,,https://www.google.com/maps/place/?q=place_id:ChIJ71rx8flR8zkRdzZjD7AAhwE,schools
Chouparan,Bengali Colony,DPS Junior International School,"Bengali Colony, Barkagaon Road, X9Q5+7XM, Matwari, Hazaribagh, Jharkhand 825301, India",,,https://www.google.com/maps/place/?q=place_id:ChIJnYwi4Mad9DkRNt6fK5dnWhA,schools
Chouparan,JW97+8X4,Delhi Public School,"JW97+8X4, Satgawan, Jharkhand 815313, India",,,https://www.google.com/maps/place/?q=place_id:ChIJlb3u7yG58zkRNqOue_krT6M,schools
Chouparan,6J95+222,Divine Public School,"6J95+222, Pachphedi, Barakatha, Gangpacho, Jharkhand 825323, India",,,https://www.google.com/maps/place/?q=place_id:ChIJqyhWVXmC8zkRfik4lXPQq-A,schools
Chouparan,137,New Delhi Public School,"137, Dipugarha, Hazaribagh, Jharkhand 825301, India",,,https://www.google.com/maps/place/?q=place_id:ChIJ8Ugw2Fyc9DkRD3Ic_-O72Lo,schools
Chouparan,1021,"Delhi Public School Chas, Bokaro","1021, Raghunathpur - Chas Main Rd, Chas, Khamarbendi, Jharkhand 827013, India",,,https://www.google.com/maps/place/?q=place_id:ChIJhZdrtzAn9DkRPrAoo9yyAgs,schools
Chouparan,9872+54P,SUREKHA PRAKASH BHAI PUBLIC SCHOOL,"9872+54P, Bahera, Jharkhand 825406, India",,,https://www.google.com/maps/place/?q=place_id:ChIJrQK3XSFq8zkRFnJV2yrbxBw,schools
Chouparan,Kendua,Daffodils Public school,"Kendua, 97H9+7V9, more, Chaithi More, Kendua, Chouparan, Jharkhand 825406, India",,,https://www.google.com/maps/place/?q=place_id:ChIJ_Vu-XeBB8zkRa9-CEUzEEhM,schools
Chouparan,Village - Dumatanr,Delhi Public School Deoghar,"Village - Dumatanr , Near Lakra Mouja, Plot no 06, Dumatanr, Jharkhand 814113, India",,,https://www.google.com/maps/place/?q=place_id:ChIJud7heS8X8TkRBfJCzzQQb3E,schools
Chouparan,Kendu post jabra,Kendriya Vidyalaya Simaria Chatra,"Kendu post jabra, ps, Simaria Khurd, Banhe, Jharkhand 825103, India",,,https://www.google.com/maps/place/?q=place_id:ChIJZQbafamqjDkROc7DsUYcjZs,schools
Chouparan,2FG5+WQ8 Bsf,Kendriya Vidyalaya BSF Hazaribagh,"2FG5+WQ8 Bsf, Camp, Meru, Hazaribagh, Jharkhand 825317, India",,,https://www.google.com/maps/place/?q=place_id:ChIJTdWTGiVW5kcR6f-cybO3Ogs,schools
Chouparan,V5G2+JM9,PM SHRI Kendriya Vidyalaya Gomoh,"V5G2+JM9, Gomoh, Jharkhand 828401, India",,,https://www.google.com/maps/place/?q=place_id:ChIJKTeeEhQb9DkR7WCG4gdGuDQ,schools
Chouparan,Officer Hostel No 02,Kendriya Vidyalaya CTPS Chandrapura,"Officer Hostel No 02, CTPS, DVC, D Type Colony Rd, Chandrapura, Ghatiari, Jharkhand 828403, India",,,https://www.google.com/maps/place/?q=place_id:ChIJoT7n5TwY9DkRXu7lNT0Me5I,schools
Chouparan,Po Diesel Colony Patratu,PM SHRI Kendriya Vidyalaya Patratu,"Po Diesel Colony Patratu, Patratu, Jharkhand 829118, India",,,https://www.google.com/maps/place/?q=place_id:ChIJQyHoccPq9DkREtKAgAMdJpU,schools
Chouparan,PGQF+267,Kendriya Vidyalaya Latehar,"PGQF+267, Kinamanr, Jharkhand 829206, India",,,https://www.google.com/maps/place/?q=place_id:ChIJz_1-sYprizkRhbUz1jsNbPo,schools
Chouparan,Vill- Rajabhita,KENDRIYA VIDYALAYA MADHUPUR,"Vill- Rajabhita, 7JH8+545, Madhupur, Rajabihta, Jharkhand 815353, India",,,https://www.google.com/maps/place/?q=place_id:ChIJhRgbcDI38TkRV4NFIYvYDP4,schools
Chouparan,Piprakala,Kendriya Vidyalaya Garhwa,"Piprakala, Gaytri Nagar, 4RXF+7FR, Garhwa, Jharkhand 822114, India",,,https://www.google.com/maps/place/?q=place_id:ChIJUR6uC-0OjDkRQ3GkfQXUO14,schools
Chouparan,JF8C+J2F,"Kendriya Vidyalaya, Barkakana","JF8C+J2F, Barkakana, Jharkhand 829102, India",,,https://www.google.com/maps/place/?q=place_id:ChIJ8wJmXDDy9DkRcs9wZ23-LF8,schools
Chouparan,Hehal,"Kendriya Vidyalaya CCL,near off ground","Hehal, 97JR+RQ2, Ratu Rd, CCL Colony, Pahartoli, Ranchi, Jharkhand 834005, India",,,https://www.google.com/maps/place/?q=place_id:ChIJCcbzaZXg9DkRnC_mjwp5V6Q,schools
Chouparan,pani tanki,"Naya Savera Academy, Chouparan","pani tanki, near chouparan, Chouparan, Jharkhand 825406, India",4.5,4,https://www.google.com/maps/place/?q=place_id:ChIJvwu_kcFB8zkRn0P1FLgmZJ0,schools
Ghatsila,Q5G3+HX5,DAV Public School,"Q5G3+HX5, NIT Campus, Banta Nagar, Adityapur, Jamshedpur, Jharkhand 831014, India",,,https://www.google.com/maps/place/?q=place_id:ChIJycIf_7fk9TkR3Nl6jmYFonw,schools
Ghatsila,Q5XG+4VV,"D.A.V. PUBLIC SCHOOL,JSR","Q5XG+4VV, Rd Number 4, Contractors Area, Bistupur, Jamshedpur, Jharkhand 831001, India",,,https://www.google.com/maps/place/?q=place_id:ChIJAQAAAGHj9TkReCBOgITk_Zw,schools
Ghatsila,behind Police Line,DAV Public School Gumla,"behind Police Line, Neemtoli, Gumla, Chandali, Jharkhand 835233, India",,,https://www.google.com/maps/place/?q=place_id:ChIJc6L8WufoijkREkF68vdoirg,schools
Ghatsila,9VR6+M94,"MAS DAV Public School, Silli, Jharkhand","9VR6+M94, Sulumjuri, Bansaruli, Jharkhand 835101, India",,,https://www.google.com/maps/place/?q=place_id:ChIJK0mGfZ1M9DkRQs7DOQi0sbs,schools
Ghatsila,Village Kashida Tola Bardih Dist. Singhbhum(E,"Sri Sri Ravishankar Vidya Mandir (SSRVM), Ghatshila, Jharkhand","Village Kashida Tola Bardih Dist. Singhbhum(E, Ghatshila, Jharkhand 832303, India",,,https://www.google.com/maps/place/?q=place_id:ChIJ7e-GXvAd9jkRDYMGnndqKF0,schools
Ghatsila,HFFM+8C6,Prime Public School Ghatsila,"HFFM+8C6, Rajstate, Ghatshila, Jharkhand 832303, India",,,https://www.google.com/maps/place/?q=place_id:ChIJVUAfchn2HToR-pJ_mJfdeuI,schools
Ghatsila,Dahigora,Ghatsila Public School,"Dahigora, Ghatshila, Jharkhand 832303, India",,,https://www.google.com/maps/place/?q=place_id:ChIJoSsKzVId9jkRlrgxS9Vl_Jg,schools
Ghatsila,HFJG+FX8,"St. Paul School,Ghatsila","HFJG+FX8, Ghatshila, Jharkhand 832303, India",5,8,https://www.google.com/maps/place/?q=place_id:ChIJ7Xj6eSD2HToR0ugUx24_gOI,schools
Ghatsila,HFWC+H8G,Model School,"HFWC+H8G, Phuldungri, Ghatshila, Jharkhand 832303, India",4.3,7,https://www.google.com/maps/place/?q=place_id:ChIJ89Pc9JAd9jkRyqsFdX5AsOg,schools
Ghatsila,HCFR+7PC,"Kendriya Vidyalaya, Surda","HCFR+7PC, Surda - Kadandih Rd, Ghatshila, Sohada, Jharkhand 832303, India",,,https://www.google.com/maps/place/?q=place_id:ChIJs5lmStz3HToRaM0XD8DsmDI,schools
Ghatsila,HFQR+5G2,"St.Joseph's Convent High School, Kasidah","HFQR+5G2, Kashida, Ghatshila, Jharkhand 832303, India",,,https://www.google.com/maps/place/?q=place_id:ChIJm2vcHfod9jkR2LVfdSD6o60,schools
Ghatsila,Harsingh Raidih,Delhi Public School,"Harsingh Raidih, state Highway, Tundi Rd, Harsingh Raidih, Jharkhand 815302, India",,,https://www.google.com/maps/place/?q=place_id:ChIJH5KluyNU8TkRbmxydlzq-as,schools
Ghatsila,HFMC+MM6,IRVINE ADVENTIST SCHOOL,"HFMC+MM6, Ghatshila, Jharkhand 832303, India",,,https://www.google.com/maps/place/?q=place_id:ChIJFxMGVYgd9jkR954ag4HvNE4,schools
Ghatsila,HFR9+73Q,Oxford Convent School,"HFR9+73Q, Dahigora, Ghatshila, Jharkhand 832303, India",,,https://www.google.com/maps/place/?q=place_id:ChIJP3yfWJgd9jkRCpDs-BFYaps,schools
Ghatsila,P.O,Sant Nandlal Smriti Vidya Mandir,"P.O, Dak Bunglow Road, Ghatshila, Jharkhand 832303, India",,,https://www.google.com/maps/place/?q=place_id:ChIJiXPduIsd9jkRscrhE5711OM,schools
Ghatsila,Malda Road,DPS SCHOOL GAWAN,"Malda Road, near Thakurbari, Gawan, Jharkhand 815313, India",,,https://www.google.com/maps/place/?q=place_id:ChIJdXuIT-fH8zkRSIKzHqehtmo,schools
Ghatsila,Laldih,SAINT CLARET SCHOOL,"Laldih, Ghatshila, Jharkhand 832303, India",,,https://www.google.com/maps/place/?q=place_id:ChIJf-pqMcsd9jkRndFGg6nkBKE,schools
Bero,Binay Bagicha Bero,Dav Vivekananda Public School Bero,"Binay Bagicha Bero, 72W5+86P, Baridih, Jharkhand 835202, India",,,https://www.google.com/maps/place/?q=place_id:ChIJLRYlog4q9TkRN7whtjHvsak,schools
Bero,88M2+54H,Delhi Public School,"88M2+54H, Bypass Rd, Near Vivekanand Auditorium, SAIL Twp, Dhurwa, Ranchi, Jharkhand 834004, India",,,https://www.google.com/maps/place/?q=place_id:ChIJ4x9vLKDg9DkRhq3Z0iE73as,schools
Bero,825X+M6G,Svarn DPS School,"825X+M6G, Jariya, Jharkhand 835202, India",,,https://www.google.com/maps/place/?q=place_id:ChIJyZcB_XzX9DkRb7VWnKPWW-A,schools
Bero,Neori,DPS Greater Ranchi,"Neori, vikas, CCP8+4M4, Mesra, Jharkhand 835217, India",,,https://www.google.com/maps/place/?q=place_id:ChIJC1Q9purk9DkRPFan31dgwgI,schools
Bero,Amba toli,Vidyasagar Public School,"Amba toli, Bero - Sai Mandir Rd, Bero, Jharkhand 835202, India",,,https://www.google.com/maps/place/?q=place_id:ChIJJSJUqgMq9TkRoi2Ij3MtiQo,schools
Bero,H.E.C. Campus,Kendriya Vidyalaya HEC,"H.E.C. Campus, Sector 2, Shakha Maidan, near CRPF Battalion, HEC Colony, Dhurwa, Ranchi, Jharkhand 834004, India",,,https://www.google.com/maps/place/?q=place_id:ChIJobSseTzg9DkRFBA4kx_KwJw,schools
Bero,Hehal,"Kendriya Vidyalaya CCL,near off ground","Hehal, 97JR+RQ2, Ratu Rd, CCL Colony, Pahartoli, Ranchi, Jharkhand 834005, India",,,https://www.google.com/maps/place/?q=place_id:ChIJCcbzaZXg9DkRnC_mjwp5V6Q,schools
Bero,Doranda,KV Assistance,"Doranda, Ranchi, Jharkhand 834002, India",,,https://www.google.com/maps/place/?q=place_id:ChIJHT9JzLXh9DkRFZgnh0Yw9dA,schools
Bero,KV Campus,"Kendriya Vidyalaya Sangathan, Regional Office, Ranchi","KV Campus, Pin- 834010, Namkum, Ranchi, Jharkhand 834010, India",,,https://www.google.com/maps/place/?q=place_id:ChIJ3ceBKm_i9DkR_xnzTN3Fvvk,schools
Bero,CRPF Camp,Kendriya Vidyalaya CRPF,"CRPF Camp, Tiril, CRPF Campus, Dhurwa, Ranchi, Jharkhand 834004, India",,,https://www.google.com/maps/place/?q=place_id:ChIJAQAAUPDf9DkRdMD697uYz8M,schools
Bero,89JM+W58,Kendriya Vidyalaya Namkum,"89JM+W58, Namkum, Ranchi, Jharkhand 834010, India",,,https://www.google.com/maps/place/?q=place_id:ChIJN6qxPCTj9DkRHUfr1kmfm9U,schools
Bero,88Q9+R8H,"Kendriya Vidyalaya, Hinoo, AG More","88Q9+R8H, Hinoo Main Rd, AG More, Shyamali Colony, Doranda, Ranchi, Jharkhand 834002, India",,,https://www.google.com/maps/place/?q=place_id:ChIJN5l_C5fh9DkRGX_jPZJXaMY,schools
Bero,477P+GXC,Kendriya Vidyalaya Meghahatuburu,"477P+GXC, Sail Gate - KVS School Rd, Meghahatuburu, Kiriburu, Jharkhand 833223, India",,,https://www.google.com/maps/place/?q=place_id:ChIJXZBi1zC-HzoRstRwvHYpTK0,schools
Bero,Dumardaga,Kendriya Vidyalaya Khunti,"Dumardaga, Dunardaga, Jharkhand 835210, India",,,https://www.google.com/maps/place/?q=place_id:ChIJ02cnq-g99TkROFGhxbvIcVM,schools
Bero,Kendu post jabra,Kendriya Vidyalaya Simaria Chatra,"Kendu post jabra, ps, Simaria Khurd, Banhe, Jharkhand 825103, India",,,https://www.google.com/maps/place/?q=place_id:ChIJZQbafamqjDkROc7DsUYcjZs,schools
Bero,PGQF+267,Kendriya Vidyalaya Latehar,"PGQF+267, Kinamanr, Jharkhand 829206, India",,,https://www.google.com/maps/place/?q=place_id:ChIJz_1-sYprizkRhbUz1jsNbPo,schools
Bero,Training School Campus,Kendriya Vidyalaya Gumla,"Training School Campus, Karam Toli Road, Gumla, Jharkhand 835207, India",4.3,117,https://www.google.com/maps/place/?q=place_id:ChIJCflpDDDpijkRFtFw0491UBQ,schools
Bero,9QF3+4C4,Kendriya Vidyalaya Lohardaga,"9QF3+4C4, Akashi - Lohardaga Rd, Nadiya, Lohardaga, Udrangi, Jharkhand 835302, India",,,https://www.google.com/maps/place/?q=place_id:ChIJN58cZgIlizkRWxpm0ILnZVo,schools
Bero,9CV2+C25,PM SHRI KENDRIYA VIDYALAYA DIPATOLI,"9CV2+C25, Deepatoli, Khelgaon, Ranchi, Dumardaga, Jharkhand 834012, India",,,https://www.google.com/maps/place/?q=place_id:ChIJs-eKlXbj9DkRb3SmaBzljgk,schools
Bero,Piprakala,Kendriya Vidyalaya Garhwa,"Piprakala, Gaytri Nagar, 4RXF+7FR, Garhwa, Jharkhand 822114, India",,,https://www.google.com/maps/place/?q=place_id:ChIJUR6uC-0OjDkRQ3GkfQXUO14,schools
Bero,M29F+267,"Kendriya Vidyalaya, Dakra","M29F+267, Dakra, Churi, Jharkhand 829210, India",,,https://www.google.com/maps/place/?q=place_id:ChIJ_5rsGgnK9DkR4FwNCrlUKtk,schools
Bero,Po Diesel Colony Patratu,PM SHRI Kendriya Vidyalaya Patratu,"Po Diesel Colony Patratu, Patratu, Jharkhand 829118, India",,,https://www.google.com/maps/place/?q=place_id:ChIJQyHoccPq9DkREtKAgAMdJpU,schools
Bhurkunda,J8FH+C2,D.A.V. Public School,"J8FH+C2, Balkudra, Jharkhand 829143, India",,,https://www.google.com/maps/place/?q=place_id:ChIJCTqcxyzr9DkRoGVdjhqull4,schools
Bhurkunda,JGGM+HX2,D.A.V. Public School Ramgarh.,"JGGM+HX2, near bazar samati, Ramgarh Cantonment, Jharkhand 829122, India",,,https://www.google.com/maps/place/?q=place_id:ChIJHyAyDNj19DkR_m9ndX0-86Y,schools
Bhurkunda,M9GF+JQR,DAV Public School Giddi 'A',"M9GF+JQR, DAV School Road, River Side, Giddi A, Religara, Gidi, Jharkhand 829108, India",,,https://www.google.com/maps/place/?q=place_id:ChIJ34xJSL_s9DkRPR_bFBAaTZo,schools
Bhurkunda,J8M3+586,Dav Public School Patratu,"J8M3+586, Rasda, Patratu, Jharkhand 829143, India",,,https://www.google.com/maps/place/?q=place_id:ChIJAQAAAFDq9DkRNCRc-0utOnI,schools
Bhurkunda,DAV PUBLIC SCHOOL NTS,DAV Public School NTS Barkakana,"DAV PUBLIC SCHOOL NTS, New Town-Ship Barkakana, Barkakana, Jharkhand 829103, India",,,https://www.google.com/maps/place/?q=place_id:ChIJl1A6hBby9DkRZ0bfJT4fNqw,schools
Bhurkunda,ward no 5,Agrasen DAV Public School,"ward no 5, NH 33, ramgarh city road, MGQ6+MHV, Ramgarh, Pathway School, Sandi, Bharechnagar, Jharkhand 829117, India",,,https://www.google.com/maps/place/?q=place_id:ChIJbWty9VDz9DkRMNru_0jrSns,schools
Bhurkunda,MGR6+HR4,D A V SCHOOL Bharechnagar,"MGR6+HR4, Bharechnagar, Jharkhand 829117, India",,,https://www.google.com/maps/place/?q=place_id:ChIJC1T_RFDz9DkRm0tx3QUvSXs,schools
Bhurkunda,J7MH+9P4,"DAV PUBLIC SCHOOL PTPS, PATRATU","J7MH+9P4, New Market, Patratu, Jharkhand 829119, India",,,https://www.google.com/maps/place/?q=place_id:ChIJh78fZnrq9DkRXXjpyuieeAU,schools
Bhurkunda,Sur,"D.A.V Public School, Bachra","Sur, Vihar Colony, Bachra, Jharkhand 829201, India",,,https://www.google.com/maps/place/?q=place_id:ChIJj4RY6NS39DkR-QMpWaBVfII,schools
Bhurkunda,DAV Public School,"DAV Public School, Urimari","DAV Public School, Urimari, Jharkhand 825311, India",,,https://www.google.com/maps/place/?q=place_id:ChIJ5fmwiimV9DkRAfvOyWbKXV8,schools
Bhurkunda,HMMC+V4G,"DAV Public School, Rajrappa Project","HMMC+V4G, Rajrappa Project, CCL, Sandi, Jharkhand 829150, India",,,https://www.google.com/maps/place/?q=place_id:ChIJhw5-EkJZ9DkRhHR8F33WXfQ,schools
Bhurkunda,HMRH+CR2,DAV Public School Junior Wing,"HMRH+CR2, Rajrappa Project, Hutugdag, Jharkhand 829150, India",,,https://www.google.com/maps/place/?q=place_id:ChIJUSYoVllZ9DkRMyoT1DYUYxc,schools
Bhurkunda,Tapin North,D.A.V. Public School Tapin North,"Tapin North, RRW (CCL), AT, Post - Banjee, Prem Nagar, Ranchi, Tapin, Jharkhand 825326, India",,,https://www.google.com/maps/place/?q=place_id:ChIJO3LSh8mO9DkRAm0QEkLSp6U,schools
Bhurkunda,M6H6+5FJ,D A V International School,"M6H6+5FJ, Kalapathar, Jharkhand 827013, India",,,https://www.google.com/maps/place/?q=place_id:ChIJe-SgI3sh9DkRZqwUrVCf8Is,schools
Bhurkunda,Chainpur,Tata DAV public school chainpur,"Chainpur, Bhadwa, Jharkhand 829134, India",,,https://www.google.com/maps/place/?q=place_id:ChIJNXyVjgqL9DkRofSDrHi6kU8,schools
Bhurkunda,Ghatotand,TATA D.A.V Public School,"Ghatotand, Barughutu, Jharkhand 825314, India",,,https://www.google.com/maps/place/?q=place_id:ChIJ-w4dxNOL9DkR-Y9X9TF7p5U,schools
Bhurkunda,PGMR+V55,D A V Sr. Sec Pub.school Ara,"PGMR+V55, Jharkhand 829134, India",,,https://www.google.com/maps/place/?q=place_id:ChIJHXpaVG2L9DkR5owLEHrBd88,schools
Bhurkunda,QHP4+JF9,Dav school,"QHP4+JF9, DAV Ground Rd, Barughutu, Jharkhand 825314, India",,,https://www.google.com/maps/place/?q=place_id:ChIJmzLqXf2L9DkRc-2ygGxi-7Y,schools
Bhurkunda,294P+96J,DAV Public School,"294P+96J, Dipugarha, Hazaribagh, Jharkhand 825301, India",,,https://www.google.com/maps/place/?q=place_id:ChIJzYgu10Kc9DkRvZRNUdsVE94,schools
Bhurkunda,Balmiki nagar,DELHI PUBLIC SCHOOL PATRATU,"Balmiki nagar, Sankul Patratu Rd, Patratu, Jharkhand 829118, India",,,https://www.google.com/maps/place/?q=place_id:ChIJKW-1xYXr9DkRLrjwT8iUAUs,schools
Bhurkunda,Visthapit Nagar Hesla,DPS Junior International School,"Visthapit Nagar Hesla, J78J+8FX, 2, Patratu, Jharkhand 829119, India",,,https://www.google.com/maps/place/?q=place_id:ChIJxSsX10rr9DkRO_yReIDGw2k,schools
Bhurkunda,V24M+PF8,Dps TANDWA ( DELHI PUBLIC SCHOOL),"V24M+PF8, Koshaha Garilong road, Koshaha, Tandwa, Jharkhand 825321, India",,,https://www.google.com/maps/place/?q=place_id:ChIJ1ep32QCx9DkRxZL02nYOdGg,schools
Bhurkunda,9W9P+6X7,DELHI PUBLIC SCHOOL KENDUA,"9W9P+6X7, Kendua, Jharkhand 825412, India",,,https://www.google.com/maps/place/?q=place_id:ChIJEQFaMQDt8zkRLgKH_UKxzJc,schools
Bhurkunda,88M2+54H,Delhi Public School,"88M2+54H, Bypass Rd, Near Vivekanand Auditorium, SAIL Twp, Dhurwa, Ranchi, Jharkhand 834004, India",,,https://www.google.com/maps/place/?q=place_id:ChIJ4x9vLKDg9DkRhq3Z0iE73as,schools
Bhurkunda,Shastri Chowk,S.V.M Public School Bhurkunda,"Shastri Chowk, Sundar Nagar, Bhurkunda, Jharkhand 829105, India",,,https://www.google.com/maps/place/?q=place_id:ChIJmWtqRoLt9DkRDHsXSRPmcUs,schools
Bhurkunda,JCCX+344,Kendriya vidyalaya Bhurukuna,"JCCX+344, New Town-Ship Barkakana, Barkakana, Jharkhand 829103, India",,,https://www.google.com/maps/place/?q=place_id:ChIJtSH39w3y9DkRI5BtFNMEGOE,schools
Bhurkunda,GM's Office,K V Bhurkunda,"GM's Office, New Town-Ship Barkakana, Barkakana, Jharkhand 829103, India",,,https://www.google.com/maps/place/?q=place_id:ChIJ__-vBxLy9DkRTRsXeGSE3IU,schools
Bhurkunda,JF8C+J2F,"Kendriya Vidyalaya, Barkakana","JF8C+J2F, Barkakana, Jharkhand 829102, India",,,https://www.google.com/maps/place/?q=place_id:ChIJ8wJmXDDy9DkRcs9wZ23-LF8,schools
Bhurkunda,M99F+2QM,Old KV Bhurkunda,"M99F+2QM, Dundua, Jharkhand 829135, India",,,https://www.google.com/maps/place/?q=place_id:ChIJ_55sApbs9DkRf390R5qvhXw,schools
Pithoria,Near,D.A.V NIRUPA PUBLIC SCHOOL,"Near, Ring Road, Banhara, Kanke, Jharkhand 834006, India",,,https://www.google.com/maps/place/?q=place_id:ChIJ-Xk_3kXl9DkR9ovazD6UbVY,schools
Pithoria,Bariatu Rd,D.A.V Public School Bariatu,"Bariatu Rd, opp. Bariatu Housing, Bariatu, Ranchi, Jharkhand 834009, India",,,https://www.google.com/maps/place/?q=place_id:ChIJGyoIPD_j9DkRHGNtgJCJP5U,schools
Pithoria,Main Building,DAV Public School,"Main Building, Itki Rd, Hehal, Ranchi, Jharkhand 834005, India",,,https://www.google.com/maps/place/?q=place_id:ChIJTbzBrDfe9DkRlB0eLkPsb3U,schools
Pithoria,Tapin North,D.A.V. Public School Tapin North,"Tapin North, RRW (CCL), AT, Post - Banjee, Prem Nagar, Ranchi, Tapin, Jharkhand 825326, India",,,https://www.google.com/maps/place/?q=place_id:ChIJO3LSh8mO9DkRAm0QEkLSp6U,schools
Pithoria,J7MH+9P4,"DAV PUBLIC SCHOOL PTPS, PATRATU","J7MH+9P4, New Market, Patratu, Jharkhand 829119, India",,,https://www.google.com/maps/place/?q=place_id:ChIJh78fZnrq9DkRXXjpyuieeAU,schools
Pithoria,Goshla Complex,NIRJA SAHAY DAV PUBLIC SCHOOL,"Goshla Complex, Kanke, Ranchi, Jharkhand 834006, India",,,https://www.google.com/maps/place/?q=place_id:ChIJBVVKWQHn9DkRU518HARgV6c,schools
Pithoria,C62H+2HF,"DAV PRIDE SCHOOL , Pirra Ratu","C62H+2HF, NH 39, Ranchi, Pirra, Jharkhand 835222, India",,,https://www.google.com/maps/place/?q=place_id:ChIJ59POM_Tf9DkRc_Jf5JEtuVg,schools
Pithoria,W3VR+H74,PC DAV Public School,"W3VR+H74, Poraia, Jharkhand 825167, India",,,https://www.google.com/maps/place/?q=place_id:ChIJ6aLA4IYP9DkRvZB7M69S1vE,schools
Pithoria,979Q+JH3,Dav Shiksha Deep Public School,"979Q+JH3, Pahartoli, Ranchi, Jharkhand 834005, India",,,https://www.google.com/maps/place/?q=place_id:ChIJvYXQx43g9DkRwG_YHW9mhC4,schools
Pithoria,Kadru,DAV Kapil Dev Public school,"Kadru, Delatoli, Ranchi, Jharkhand 834002, India",,,https://www.google.com/maps/place/?q=place_id:ChIJ4aa8RVPg9DkR4pi1-ifFcCw,schools
Pithoria,9727+29J,S.R.DAV Public School Pundag,"9727+29J, Ranchi, Jharkhand 834004, India",4,222,https://www.google.com/maps/place/?q=place_id:ChIJsSHvCznh9DkRxcHpwtA68DY,schools
Pithoria,3,DAV NANDRAJ PUBLIC SCHOOL,"3, Marwadi Aarogya Bhawan, 01, Booty Rd, Muharram Toli, Bariatu, Ranchi, Jharkhand 834012, India",,,https://www.google.com/maps/place/?q=place_id:ChIJxTeSz5vj9DkRUtm7-uSAqGI,schools
Pithoria,J8FH+C2,D.A.V. Public School,"J8FH+C2, Balkudra, Jharkhand 829143, India",,,https://www.google.com/maps/place/?q=place_id:ChIJCTqcxyzr9DkRoGVdjhqull4,schools
Pithoria,DAV Public School NTPC North Karanpura,DAV Public School NTPC North Karanpura,"DAV Public School NTPC North Karanpura, Tandwa, Jharkhand 825321, India",,,https://www.google.com/maps/place/?q=place_id:ChIJq3BTw26x9DkRUhHYBQgbyRY,schools
Pithoria,Sur,"D.A.V Public School, Bachra","Sur, Vihar Colony, Bachra, Jharkhand 829201, India",,,https://www.google.com/maps/place/?q=place_id:ChIJj4RY6NS39DkR-QMpWaBVfII,schools
Pithoria,DAVE Public School,"DAVE Public School, Futkaltoli","DAVE Public School, Futkaltoli,, Ratu, Ranchi, Dandaphutkal Toli, Jharkhand 835222, India",,,https://www.google.com/maps/place/?q=place_id:ChIJixhzRn3e9DkRPfREAI3rT6s,schools
Pithoria,323Q+XW3,TCI - DAV Public School,"323Q+XW3, Jamhar, Jharkhand 835234, India",,,https://www.google.com/maps/place/?q=place_id:ChIJienG-G0x9TkR49Nx8KDR-Aw,schools
Pithoria,3,dav primary school,"3, Vidya Nagar Rd, Vidya Nagar, Kumhartoli, Ranchi, Jharkhand 834005, India",,,https://www.google.com/maps/place/?q=place_id:ChIJXxLaoPDg9DkRqeaaqZh7glw,schools
Pithoria,88M2+54H,Delhi Public School,"88M2+54H, Bypass Rd, Near Vivekanand Auditorium, SAIL Twp, Dhurwa, Ranchi, Jharkhand 834004, India",,,https://www.google.com/maps/place/?q=place_id:ChIJ4x9vLKDg9DkRhq3Z0iE73as,schools
Pithoria,Neori,DPS Greater Ranchi,"Neori, vikas, CCP8+4M4, Mesra, Jharkhand 835217, India",,,https://www.google.com/maps/place/?q=place_id:ChIJC1Q9purk9DkRPFan31dgwgI,schools
Pithoria,Dhanaisoso,Dronacharya public school (DPS),"Dhanaisoso, Ranchi, Jharkhand 834008, India",,,https://www.google.com/maps/place/?q=place_id:ChIJjVPZIQDn9DkRn4sPY8o9GYs,schools
Pithoria,7359+HH3,Delhi Public School PITIZ,"7359+HH3, Vill-Gulli, Pitiz, इत्कोरी, झारखंड 825408, India",,,https://www.google.com/maps/place/?q=place_id:ChIJAQAAQPFE8zkRpDsnjTvGj04,schools
Pithoria,Near Tapej,Delhi Public School Chatra,"Near Tapej , Turaag, 6W85+8MR, Distt, Tunrag, Jharkhand 825401, India",3.8,35,https://www.google.com/maps/place/?q=place_id:ChIJZ7djYLGtjDkRfCmjVwecXXk,schools
Pithoria,Visthapit Nagar Hesla,DPS Junior International School,"Visthapit Nagar Hesla, J78J+8FX, 2, Patratu, Jharkhand 829119, India",,,https://www.google.com/maps/place/?q=place_id:ChIJxSsX10rr9DkRO_yReIDGw2k,schools
Pithoria,V24M+PF8,Dps TANDWA ( DELHI PUBLIC SCHOOL),"V24M+PF8, Koshaha Garilong road, Koshaha, Tandwa, Jharkhand 825321, India",,,https://www.google.com/maps/place/?q=place_id:ChIJ1ep32QCx9DkRxZL02nYOdGg,schools
Pithoria,Balmiki nagar,DELHI PUBLIC SCHOOL PATRATU,"Balmiki nagar, Sankul Patratu Rd, Patratu, Jharkhand 829118, India",,,https://www.google.com/maps/place/?q=place_id:ChIJKW-1xYXr9DkRLrjwT8iUAUs,schools
Pithoria,9CV2+C25,PM SHRI KENDRIYA VIDYALAYA DIPATOLI,"9CV2+C25, Deepatoli, Khelgaon, Ranchi, Dumardaga, Jharkhand 834012, India",,,https://www.google.com/maps/place/?q=place_id:ChIJs-eKlXbj9DkRb3SmaBzljgk,schools
Pithoria,Po Diesel Colony Patratu,PM SHRI Kendriya Vidyalaya Patratu,"Po Diesel Colony Patratu, Patratu, Jharkhand 829118, India",,,https://www.google.com/maps/place/?q=place_id:ChIJQyHoccPq9DkREtKAgAMdJpU,schools
Pithoria,Booty,"KVS Public School, Butti","Booty, Krishna Pura, Ohdar Village, Ranchi, Dumardaga, Jharkhand 834012, India",4.9,45,https://www.google.com/maps/place/?q=place_id:ChIJ5UmO5Dvj9DkRqMQ1y3zk4n0,schools
Pithoria,KV Campus,"Kendriya Vidyalaya Sangathan, Regional Office, Ranchi","KV Campus, Pin- 834010, Namkum, Ranchi, Jharkhand 834010, India",,,https://www.google.com/maps/place/?q=place_id:ChIJ3ceBKm_i9DkR_xnzTN3Fvvk,schools
Pithoria,Hehal,"Kendriya Vidyalaya CCL,near off ground","Hehal, 97JR+RQ2, Ratu Rd, CCL Colony, Pahartoli, Ranchi, Jharkhand 834005, India",,,https://www.google.com/maps/place/?q=place_id:ChIJCcbzaZXg9DkRnC_mjwp5V6Q,schools
Pithoria,CRPF Camp,Kendriya Vidyalaya CRPF,"CRPF Camp, Tiril, CRPF Campus, Dhurwa, Ranchi, Jharkhand 834004, India",,,https://www.google.com/maps/place/?q=place_id:ChIJAQAAUPDf9DkRdMD697uYz8M,schools
Pithoria,H.E.C. Campus,Kendriya Vidyalaya HEC,"H.E.C. Campus, Sector 2, Shakha Maidan, near CRPF Battalion, HEC Colony, Dhurwa, Ranchi, Jharkhand 834004, India",,,https://www.google.com/maps/place/?q=place_id:ChIJobSseTzg9DkRFBA4kx_KwJw,schools
Pithoria,Dumardaga,Kendriya Vidyalaya Khunti,"Dumardaga, Dunardaga, Jharkhand 835210, India",,,https://www.google.com/maps/place/?q=place_id:ChIJ02cnq-g99TkROFGhxbvIcVM,schools
Pithoria,H7Q6+RH,KIRAN MUNDA AADIVASHI KENDRIYA VIDYALAYA Talatand Patratu,"H7Q6+RH, Talapur Talatanr, Jharkhand 829119, India",5,2,https://www.google.com/maps/place/?q=place_id:ChIJA_Ez9ojD9DkRBE67QyX6CqE,schools
Pithoria,Doranda,KV Assistance,"Doranda, Ranchi, Jharkhand 834002, India",,,https://www.google.com/maps/place/?q=place_id:ChIJHT9JzLXh9DkRFZgnh0Yw9dA,schools
Pithoria,89JM+W58,Kendriya Vidyalaya Namkum,"89JM+W58, Namkum, Ranchi, Jharkhand 834010, India",,,https://www.google.com/maps/place/?q=place_id:ChIJN6qxPCTj9DkRHUfr1kmfm9U,schools
Hunterganj,6V94+R8H,"DAV PUBLIC SCHOOL,","6V94+R8H, GAYA ROAD, Bamne, Chatra, Jharkhand 825401, India",,,https://www.google.com/maps/place/?q=place_id:ChIJhxihAsytjDkR6UGHzwesoJE,schools
Hunterganj,DAV Public School NTPC North Karanpura,DAV Public School NTPC North Karanpura,"DAV Public School NTPC North Karanpura, Tandwa, Jharkhand 825321, India",,,https://www.google.com/maps/place/?q=place_id:ChIJq3BTw26x9DkRUhHYBQgbyRY,schools
Hunterganj,Sur,"D.A.V Public School, Bachra","Sur, Vihar Colony, Bachra, Jharkhand 829201, India",,,https://www.google.com/maps/place/?q=place_id:ChIJj4RY6NS39DkR-QMpWaBVfII,schools
Hunterganj,294P+96J,DAV Public School,"294P+96J, Dipugarha, Hazaribagh, Jharkhand 825301, India",,,https://www.google.com/maps/place/?q=place_id:ChIJzYgu10Kc9DkRvZRNUdsVE94,schools
Hunterganj,Tenughat Dam Road,"DAV Public School, Tenughat","Tenughat Dam Road, PRCR+GH8, Tenughat, Bokaro, Tenu, Jharkhand 829129, India",,,https://www.google.com/maps/place/?q=place_id:ChIJPb9w8fBp9DkRdoBfPHxiRhs,schools
Hunterganj,J7MH+9P4,"DAV PUBLIC SCHOOL PTPS, PATRATU","J7MH+9P4, New Market, Patratu, Jharkhand 829119, India",,,https://www.google.com/maps/place/?q=place_id:ChIJh78fZnrq9DkRXXjpyuieeAU,schools
Hunterganj,JGGM+HX2,D.A.V. Public School Ramgarh.,"JGGM+HX2, near bazar samati, Ramgarh Cantonment, Jharkhand 829122, India",,,https://www.google.com/maps/place/?q=place_id:ChIJHyAyDNj19DkR_m9ndX0-86Y,schools
Hunterganj,Chainpur,Tata DAV public school chainpur,"Chainpur, Bhadwa, Jharkhand 829134, India",,,https://www.google.com/maps/place/?q=place_id:ChIJNXyVjgqL9DkRofSDrHi6kU8,schools
Hunterganj,Tapin North,D.A.V. Public School Tapin North,"Tapin North, RRW (CCL), AT, Post - Banjee, Prem Nagar, Ranchi, Tapin, Jharkhand 825326, India",,,https://www.google.com/maps/place/?q=place_id:ChIJO3LSh8mO9DkRAm0QEkLSp6U,schools
Hunterganj,PGMR+V55,D A V Sr. Sec Pub.school Ara,"PGMR+V55, Jharkhand 829134, India",,,https://www.google.com/maps/place/?q=place_id:ChIJHXpaVG2L9DkR5owLEHrBd88,schools
Hunterganj,Ghatotand,TATA D.A.V Public School,"Ghatotand, Barughutu, Jharkhand 825314, India",,,https://www.google.com/maps/place/?q=place_id:ChIJ-w4dxNOL9DkR-Y9X9TF7p5U,schools
Hunterganj,37GP+M2C,D A V School,"37GP+M2C, DAV Rd, Mishra Colony, Khunti, Jharkhand 835210, India",,,https://www.google.com/maps/place/?q=place_id:ChIJoT8YU8wX9TkRujMYWkiVE1Y,schools
Hunterganj,6866+2R6,BNS DAV Public School,"6866+2R6, Bulaki Rd, Sirsia, Giridih, Jharkhand 815302, India",,,https://www.google.com/maps/place/?q=place_id:ChIJBfoTLJFW8TkRqA8zvaFt2H8,schools
Hunterganj,9JM2+VHX,DAV CENT. PUBLIC SCHOOL,"9JM2+VHX, Sinduria, Jharkhand 822112, India",,,https://www.google.com/maps/place/?q=place_id:ChIJ5cBdkfkfjDkRqWWpiRDsUYk,schools
Hunterganj,Grand Trunk Rd,D.A.V PUBLIC SCHOOL BARHI,"Grand Trunk Rd, near Sdo Office, Barhi, Konra, Jharkhand 825405, India",,,https://www.google.com/maps/place/?q=place_id:ChIJPZ0N2SJw8zkRi12TEYcImNE,schools
Hunterganj,294J+53H,DAV JUNIOR PUBLIC SCHOOL,"294J+53H, Canary Hill Rd, DIST, Hazaribagh, Jharkhand 825301, India",,,https://www.google.com/maps/place/?q=place_id:ChIJgWaLj0Gc9DkRmjaqx8JESpw,schools
Hunterganj,ward no 5,Agrasen DAV Public School,"ward no 5, NH 33, ramgarh city road, MGQ6+MHV, Ramgarh, Pathway School, Sandi, Bharechnagar, Jharkhand 829117, India",,,https://www.google.com/maps/place/?q=place_id:ChIJbWty9VDz9DkRMNru_0jrSns,schools
Hunterganj,CM2R+6H3,MODERN DAV SCHOOL,"CM2R+6H3, Pandeypura, Pandepur Khurd, Jharkhand 825404, India",,,https://www.google.com/maps/place/?q=place_id:ChIJ1X-9IQC5jDkRSq7BLmpCsRo,schools
Hunterganj,Near Tapej,Delhi Public School Chatra,"Near Tapej , Turaag, 6W85+8MR, Distt, Tunrag, Jharkhand 825401, India",3.8,35,https://www.google.com/maps/place/?q=place_id:ChIJZ7djYLGtjDkRfCmjVwecXXk,schools
Hunterganj,6W66+69J,DPS School Chatra,"6W66+69J, Tunrag, Jharkhand 825401, India",,,https://www.google.com/maps/place/?q=place_id:ChIJqf91HcitjDkRKSa-ooumOvA,schools
Hunterganj,7359+HH3,Delhi Public School PITIZ,"7359+HH3, Vill-Gulli, Pitiz, इत्कोरी, झारखंड 825408, India",,,https://www.google.com/maps/place/?q=place_id:ChIJAQAAQPFE8zkRpDsnjTvGj04,schools
Hunterganj,V24M+PF8,Dps TANDWA ( DELHI PUBLIC SCHOOL),"V24M+PF8, Koshaha Garilong road, Koshaha, Tandwa, Jharkhand 825321, India",,,https://www.google.com/maps/place/?q=place_id:ChIJ1ep32QCx9DkRxZL02nYOdGg,schools
Hunterganj,Malda Road,DPS SCHOOL GAWAN,"Malda Road, near Thakurbari, Gawan, Jharkhand 815313, India",,,https://www.google.com/maps/place/?q=place_id:ChIJdXuIT-fH8zkRSIKzHqehtmo,schools
Hunterganj,JW97+8X4,Delhi Public School,"JW97+8X4, Satgawan, Jharkhand 815313, India",,,https://www.google.com/maps/place/?q=place_id:ChIJlb3u7yG58zkRNqOue_krT6M,schools
Hunterganj,Shankarpur,Delhi Public School Hazaribag,"Shankarpur, Ward No 34, Barkagaon Road, Jaiprabha Nagar, Hazaribagh, Sirsi no. I, Jharkhand 825302, India",,,https://www.google.com/maps/place/?q=place_id:ChIJ84JGZD2b9DkRu-iBcsxhyn0,schools
Hunterganj,Nagar,DIVYA GYAN PUBLIC SCHOOL NAGAR,"Nagar, Hunterganj, Jharkhand 825403, India",,,https://www.google.com/maps/place/?q=place_id:ChIJXaETUqLJjDkRK9YreFDlgVg,schools
Hunterganj,Kendu post jabra,Kendriya Vidyalaya Simaria Chatra,"Kendu post jabra, ps, Simaria Khurd, Banhe, Jharkhand 825103, India",,,https://www.google.com/maps/place/?q=place_id:ChIJZQbafamqjDkROc7DsUYcjZs,schools
Hunterganj,AT- HABIBPUR,Kendriya Vidyalaya Sahibganj,"AT- HABIBPUR, P.O, 6JWQ+4C5, Sahibganj, Jharkhand 816109, India",,,https://www.google.com/maps/place/?q=place_id:ChIJ9-5qiZWY-jkRXlAeaH2coKk,schools
Hunterganj,PGQF+267,Kendriya Vidyalaya Latehar,"PGQF+267, Kinamanr, Jharkhand 829206, India",,,https://www.google.com/maps/place/?q=place_id:ChIJz_1-sYprizkRhbUz1jsNbPo,schools
Hunterganj,Piprakala,Kendriya Vidyalaya Garhwa,"Piprakala, Gaytri Nagar, 4RXF+7FR, Garhwa, Jharkhand 822114, India",,,https://www.google.com/maps/place/?q=place_id:ChIJUR6uC-0OjDkRQ3GkfQXUO14,schools
Hunterganj,Kanya Uch Vidyalay,Kendriya Vidyalaya Jamtara,"Kanya Uch Vidyalay, Road, NewTown, Jamtara, Hansipahari, Jharkhand 815351, India",,,https://www.google.com/maps/place/?q=place_id:ChIJiRVC_eDQ9jkRY2YF3yugMxk,schools
Hunterganj,Vill- Rajabhita,KENDRIYA VIDYALAYA MADHUPUR,"Vill- Rajabhita, 7JH8+545, Madhupur, Rajabihta, Jharkhand 815353, India",,,https://www.google.com/maps/place/?q=place_id:ChIJhRgbcDI38TkRV4NFIYvYDP4,schools
Hunterganj,CRG6+GCP,Girls High School Hunterganj,"CRG6+GCP, Hunterganj, Godabar, Jharkhand 825414, India",,,https://www.google.com/maps/place/?q=place_id:ChIJVVVVFdW3jDkRPuALHb3-Rms,schools
